"id";"jahr";"papier";"block";"aufgabe";"titel";"teilaufgabe";"seite";"punkte";"stern";"hilfsmittel";"afb_amtlich";"leitidee";"thema";"typ";"typ_neben";"stichwoerter";"voraussetzungen";"format";"operator";"antwort";"material";"skizze";"kontext";"textumfang";"gegeben";"gesucht";"verfahren";"schritte";"zahlenraum";"einheiten";"abhaengig_von";"ergebnis";"zwischenergebnis";"niveau_geschaetzt";"fehlerquelle";"bemerkung"
"2025-OS-K2a";"2025";"OS";"Kontext";"2";"Drachenviereck";"a";"4";"4";"nein";"ja";"";"Größen und Messen";"Satz des Pythagoras";"Symmetrieachsen bestimmen";"Teilstrecke berechnen|Pythagoras Hypotenuse";"Drachenviereck|Symmetrieachse|Diagonalen|Pythagoras";"Eigenschaften des Drachenvierecks|Wurzel ziehen";"Ankreuzen|Rechnung|Rechnung";"Kreuzen Sie an|Bestätigen Sie rechnerisch|Berechnen Sie";"Kreuz|Zahl|Zahl";"Figur";"Drachenviereck mit Spitze D oben, B unten, A links, C rechts; Diagonalen AC (waagerecht) und BD (senkrecht) eingezeichnet, Schnittpunkt F mit rechtem Winkel; Maßlinie DF = 25 cm links neben der Figur; Winkel γ bei D; Hinweis „Skizze nicht maßstabsgerecht“; links im Text AC = 50 cm, BD = 80 cm; darunter fünf Ankreuzfelder mit 0, 1, 2, 3, 4 und Karokästchen";"ohne";"mittel";"Drachenviereck ABCD (A links, D oben, C rechts, B unten), Diagonalen AC = 50 cm und BD = 80 cm, Schnittpunkt F, DF = 25 cm, rechter Winkel in F; Optionen 0 bis 4 Symmetrieachsen";"Zahl der Symmetrieachsen|Nachweis BF = 55 cm|Länge AB";"Symmetrieachse ist BD; BF = BD − DF = 80 − 25; AF = AC : 2 = 25, AB = √(AF² + BF²)";"3";"ganz|Wurzel";"cm";"";"1 Symmetrieachse|BF = 80 − 25 = 55 cm|AB ≈ 60,4 cm";"AF = 25 cm; AB² = 3650 cm²";"II";"AF mit 50 statt 25 ansetzen";"drei Leistungen in einer Einheit, Punkte ungeteilt"
"2025-OS-K2b";"2025";"OS";"Kontext";"2";"Drachenviereck";"b";"5";"2";"nein";"ja";"";"Größen und Messen";"Flächeninhalt und Umfang";"Flächeninhalt Drachenviereck berechnen";"";"Drachenviereck|Diagonalen|Flächeninhalt";"";"Rechnung";"Ermitteln Sie";"Zahl";"Figur";"Drachenviereck mit Spitze D oben, B unten, A links, C rechts; Diagonalen AC (waagerecht) und BD (senkrecht) eingezeichnet, Schnittpunkt F mit rechtem Winkel; Maßlinie DF = 25 cm links neben der Figur; Winkel γ bei D; Hinweis „Skizze nicht maßstabsgerecht“; links im Text AC = 50 cm, BD = 80 cm (Abbildung im Stamm auf Seite 4)";"ohne";"kurz";"Drachenviereck ABCD mit Diagonalen AC = 50 cm und BD = 80 cm, die sich in F rechtwinklig schneiden";"Flächeninhalt";"A = (e · f) : 2 = 50 · 80 : 2";"1";"ganz";"cm|cm²";"";"2000 cm²";"";"I";"Faktor 1/2 vergessen (4000 cm²)";""
"2025-OS-K2c";"2025";"OS";"Kontext";"2";"Drachenviereck";"c";"5";"2";"ja";"ja";"";"Raum und Form";"Ebene Figuren und Winkel";"Rechten Winkel begründen";"";"gleichschenklig-rechtwinklig|45°|Thales|Umkehrung Pythagoras";"Winkelsumme im Dreieck|Basiswinkel im gleichschenkligen Dreieck";"Begründung";"Begründen Sie";"Text";"Figur";"Drachenviereck mit Spitze D oben, B unten, A links, C rechts; Diagonalen AC (waagerecht) und BD (senkrecht) eingezeichnet, Schnittpunkt F mit rechtem Winkel; Maßlinie DF = 25 cm links neben der Figur; Winkel γ bei D; Hinweis „Skizze nicht maßstabsgerecht“; links im Text AC = 50 cm, BD = 80 cm (Abbildung im Stamm auf Seite 4)";"ohne";"kurz";"Drachenviereck mit AC = 50 cm (also AF = FC = 25 cm), DF = 25 cm, rechter Winkel in F; γ ist der Winkel ADC bei D";"Begründung, dass γ = 90°";"Dreieck AFD ist gleichschenklig (AF = DF = 25) und rechtwinklig, also ∠ADF = 45°; ebenso ∠FDC = 45°; γ = 45° + 45°. Alternativ Thales (D liegt auf dem Kreis um F mit Radius 25 = Durchmesser AC) oder Umkehrung des Pythagoras (AD² + DC² = 1250 + 1250 = 2500 = AC²)";"2";"ganz";"cm|Grad";"";"γ = 45° + 45° = 90°, da die Dreiecke AFD und CFD gleichschenklig-rechtwinklig sind";"AD = DC = √1250 ≈ 35,4 cm";"II";"Behauptung nur aus der Skizze ablesen, ohne Begründung";""
"2025-OS-K3a";"2025";"OS";"Kontext";"3";"Zahlenscheiben";"a";"6";"1";"nein";"ja";"";"Daten und Zufall";"Zählen und Kombinatorik";"Ergebnismenge aufzählen";"";"Glücksrad|zweistufig|Ergebnismenge|Kombinationen";"";"Kurzantwort";"Notieren Sie";"Text";"Figur";"zwei Kreisscheiben nebeneinander, je vier gleich große Sektoren durch zwei Diagonalen, über jeder Scheibe ein Pfeil von oben auf den oberen Sektor; linke Scheibe im Uhrzeigersinn von oben 1, 2, 1, 3; rechte Scheibe 2, 3, 2, 1";"Glücksspiel";"mittel";"zwei Scheiben mit je vier gleich großen Sektoren, links 1, 2, 1, 3, rechts 2, 3, 2, 1; beide werden gleichzeitig gedreht, gelesen wird erst die linke, dann die rechte Ziffer (Beispiel 12)";"alle möglichen zweistelligen Zahlen";"jede linke Ziffer 1, 2, 3 mit jeder rechten Ziffer 1, 2, 3 kombinieren";"1";"ganz";"";"";"11, 12, 13, 21, 22, 23, 31, 32, 33";"";"I";"doppelt vorkommende Ziffern doppelt zählen oder Kombinationen vergessen";""
"2025-OS-K3b";"2025";"OS";"Kontext";"3";"Zahlenscheiben";"b";"6";"3";"nein";"ja";"";"Daten und Zufall";"Wahrscheinlichkeit mehrstufig";"Wahrscheinlichkeit zweistufig unabhängig";"Behauptung prüfen";"Glücksrad|Pfadregel|Laplace|Behauptung";"Brüche multiplizieren";"Rechnung|Begründung";"Berechnen Sie|Entscheiden Sie|Begründen Sie";"Zahl|Text";"Figur";"zwei Kreisscheiben nebeneinander, je vier gleich große Sektoren durch zwei Diagonalen, über jeder Scheibe ein Pfeil von oben auf den oberen Sektor; linke Scheibe im Uhrzeigersinn von oben 1, 2, 1, 3; rechte Scheibe 2, 3, 2, 1";"Glücksspiel";"mittel";"zwei Scheiben mit je vier gleich großen Sektoren, links 1, 2, 1, 3, rechts 2, 3, 2, 1; beide werden gleichzeitig gedreht, gelesen wird erst die linke, dann die rechte Ziffer (Beispiel 12); Behauptung von Esra: P(22) ist gleich P(33)";"P(33)|Entscheidung zur Behauptung mit Begründung";"P(3 links) = 1/4, P(3 rechts) = 1/4, Pfadregel multiplizieren; für 22 ist P = 1/4 · 2/4";"3";"Bruch";"";"";"P(33) = 1/16|Behauptung falsch, da P(22) = 1/8";"P(22) = 2/16";"II";"Sektoren zählen statt Anteile bilden (P(3) = 1/3)";"zweite Leistung ohne eigenen Buchstaben"
"2025-OS-K3c";"2025";"OS";"Kontext";"3";"Zahlenscheiben";"c";"7";"2";"ja";"ja";"";"Daten und Zufall";"Wahrscheinlichkeit mehrstufig";"Wahrscheinlichkeit zweistufig unabhängig";"";"Glücksrad|Pfadregel|Summenregel|oder-Ereignis";"Brüche multiplizieren und addieren";"Rechnung";"Bestimmen Sie";"Zahl";"Figur";"zwei Kreisscheiben nebeneinander, je vier gleich große Sektoren durch zwei Diagonalen, über jeder Scheibe ein Pfeil von oben auf den oberen Sektor; linke Scheibe im Uhrzeigersinn von oben 1, 2, 1, 3; rechte Scheibe 2, 3, 2, 1 (Abbildung im Stamm auf Seite 6)";"Glücksspiel";"kurz";"zwei Scheiben mit je vier gleich großen Sektoren, links 1, 2, 1, 3, rechts 2, 3, 2, 1; beide werden gleichzeitig gedreht, gelesen wird erst die linke, dann die rechte Ziffer (Beispiel 12)";"P(12 oder 21)";"P(12) = 2/4 · 2/4 = 4/16, P(21) = 1/4 · 1/4 = 1/16, addieren";"3";"Bruch";"";"";"5/16 = 31,25 %";"P(12) = 1/4; P(21) = 1/16";"II";"nur P(12) berechnen oder die beiden Pfade multiplizieren statt addieren";""
"2025-OS-K3d";"2025";"OS";"Kontext";"3";"Zahlenscheiben";"d";"7";"2";"ja";"ja";"";"Daten und Zufall";"Wahrscheinlichkeit mehrstufig";"Zufallsgerät zu Wahrscheinlichkeit entwerfen";"Wahrscheinlichkeit zweistufig unabhängig";"Glücksrad|Rückwärtsaufgabe|25 %|Pfadregel";"1/4 als Produkt zweier Brüche zerlegen";"Eintragen|Rechnung";"Tragen Sie ein|Begründen Sie durch eine Rechnung";"Grafik|Zahl";"Figur";"zwei leere Kreisscheiben nebeneinander, je vier gleich große Sektoren durch zwei Diagonalen, in jedem Sektor ein graues Eintragfeld, über jeder Scheibe ein Pfeil von oben; darunter Karokästchen";"Glücksspiel";"mittel";"zwei leere Scheiben mit je vier gleich großen Sektoren; gelesen wird erst links, dann rechts; Zielwert P(13) = 25 %";"Ziffern je Sektor|Rechnung, die P(13) = 1/4 zeigt";"1/4 als Produkt zweier Sektoranteile schreiben, z. B. 2/4 · 2/4, 1 · 1/4 oder 1/4 · 1, und die Scheiben entsprechend belegen";"2";"Bruch|Prozent";"";"";"z. B. links 1, 1, x, x und rechts 3, 3, y, y (x, y ≠ 1 bzw. 3): P(13) = 2/4 · 2/4 = 1/4 = 25 %; jede Belegung mit Produkt 1/4 ist gleichwertig";"";"III";"Anteile addieren statt multiplizieren (1/8 + 1/8)";"offene Aufgabe mit mehreren richtigen Lösungen"
"2025-OS-K4a";"2025";"OS";"Kontext";"4";"Rampe";"a";"8";"4";"nein";"ja";"";"Größen und Messen";"Satz des Pythagoras";"Pythagoras Hypotenuse";"Winkel im rechtwinkligen Dreieck berechnen";"Rampe|Pythagoras|Tangens|Anstiegswinkel";"Wurzel ziehen|Umkehrfunktion tan⁻¹ am Taschenrechner";"Rechnung|Rechnung";"Berechnen Sie|Berechnen Sie";"Zahl|Zahl";"Skizze";"Rampe als rechtwinkliges Dreieck: waagerechte Strecke 170 cm (Maßlinie unten), rechts senkrechte Stufe 16 cm (Maß an der Stufe), Rampenoberfläche x als Hypotenuse, Anstiegswinkel α links, rechter Winkel unten rechts; Stufe als schraffierter Block mit Beschriftung „Stufe“; Rollstuhl-Piktogramm neben dem Text; Hinweis „Abbildung nicht maßstabsgerecht“; Karokästchen";"Bauwesen/Barrierefreiheit";"mittel";"Rampe als rechtwinkliges Dreieck: waagerechte Länge 170 cm, Höhe 16 cm; x ist die Rampenlänge (Hypotenuse), α der Anstiegswinkel am unteren Ende gegenüber der Höhe";"x|α";"x = √(170² + 16²); tan α = 16 : 170";"3";"ganz|dezimal|Wurzel";"cm|Grad";"";"x ≈ 170,8 cm|α ≈ 5,4°";"x² = 29 156 cm²; tan α ≈ 0,0941";"II";"16 cm als Hypotenuse ansetzen oder Sinus statt Tangens";"zwei Leistungen in einer Einheit, Punkte ungeteilt"
"2025-OS-K4b";"2025";"OS";"Kontext";"4";"Rampe";"b";"8";"3";"nein";"ja";"";"Zahlen und Operationen";"Prozentrechnung";"Steigung in Prozent deuten";"Steigung in Prozent berechnen|Behauptung prüfen";"Steigung|Prozent|Lückentext|Behauptung";"Verhältnis als Prozentsatz schreiben";"Eintragen|Rechnung|Begründung";"Vervollständigen Sie|Überprüfen Sie";"Zahl|Text";"keins";"keine (Werte 170 cm und 16 cm stehen in der Stammskizze auf Seite 8)";"Bauwesen/Barrierefreiheit";"mittel";"zulässige Steigung höchstens 6 %; Lückensatz: „Eine Steigung von 6 % bedeutet, dass auf einer waagerechten Strecke von ___ Metern ein Höhenunterschied von ___ Metern erreicht wird.“; Behauptung von Frau Yücel: die Rampe (170 cm waagerecht, 16 cm hoch) ist zu steil, da die Steigung mehr als 6 % beträgt";"beide Lücken|Entscheidung zur Behauptung mit Rechnung";"6 % = 6 : 100; Steigung der Rampe = 16 : 170 = 0,094 = 9,4 %, mit 6 % vergleichen";"2";"ganz|dezimal|Prozent";"m|cm|%";"";"100 m und 6 m (jedes Paar im Verhältnis 100 : 6 gilt)|Frau Yücel hat Recht, Steigung ≈ 9,4 % > 6 %";"16 : 170 ≈ 0,0941";"II";"Steigung als Höhe : Rampenlänge statt Höhe : waagerechte Strecke";"Prüfung der Behauptung steht auf Seite 9 ohne eigenen Buchstaben"
"2025-OS-K4c";"2025";"OS";"Kontext";"4";"Rampe";"c";"9";"3";"ja";"ja";"";"Größen und Messen";"Sinussatz";"Sinussatz Seite berechnen";"";"Rampe|Sinussatz|stumpfer Winkel|Winkelsumme";"Winkelsumme im Dreieck|Gleichung nach y umstellen";"Rechnung";"Berechnen Sie";"Zahl";"Skizze";"Treppe mit zwei Stufen rechts (grau gefüllt), mobile Rampe als schräge fette Strecke y vom Boden links bis zur oberen Stufenkante; waagerechte Maßlinie 160 cm vom Rampenfuß bis zum Fuß der Treppe; Winkel 5° am Rampenfuß zwischen Boden und Rampe; gestrichelte Linie vom Treppenfuß zur oberen Stufenkante, Winkel 141° am Treppenfuß zwischen Boden (nach links) und gestrichelter Linie; Hinweis „Abbildung nicht maßstabsgerecht“; Karokästchen";"Bauwesen/Barrierefreiheit";"mittel";"Dreieck aus Rampe y, waagerechter Strecke 160 cm und der Verbindung Treppenfuß–obere Stufenkante; Winkel 5° am Rampenfuß (gegenüber dieser Verbindung), Winkel 141° am Treppenfuß (gegenüber y)";"y";"dritter Winkel 180° − 5° − 141° = 34° gegenüber 160 cm; Sinussatz y : sin 141° = 160 : sin 34°";"3";"ganz|dezimal";"cm|Grad";"";"y ≈ 180,1 cm";"Winkel gegenüber 160 cm: 34°";"II";"Sinussatz mit falscher Paarung Seite–Gegenwinkel oder 141° durch 39° ersetzen";""
"2025-OS-K5a";"2025";"OS";"Kontext";"5";"Funktionen";"a";"10";"4";"nein";"ja";"";"Gleichungen und Funktionen";"Lineare Funktionen";"Gerade durch zwei Punkte zeichnen";"Eigenschaften eines Graphen beurteilen|Geradengleichung aus zwei Punkten";"lineare Funktion|Monotonie|y-Achsenabschnitt|Gleichung aufstellen";"Steigung aus zwei Punkten";"Zeichnen|Ankreuzen|Kurzantwort";"Zeichnen Sie|Entscheiden Sie|Geben Sie an";"Grafik|Kreuz|Term";"Koordinatensystem";"Koordinatensystem mit Ursprung O, Achsen beschriftet x von −4 bis 4 und y von −2 bis 7, Gitter 1 (Gitter reicht etwa bis x = ±5 und y = −3 bzw. 8), keine Punkte eingezeichnet; darunter Tabelle mit zwei Aussagen und Spalten „wahr“ / „falsch“ mit Ankreuzfeldern; Karokästchen";"ohne";"mittel";"Gerade f durch A(−2|6) und B(3|−1,5); zwei Aussagen zum Ankreuzen: f verläuft monoton steigend; f schneidet die y-Achse in (0|3)";"Graph von f|wahr/falsch je Aussage|eine Gleichung von f";"A und B eintragen und verbinden; m = (−1,5 − 6) : (3 − (−2)) = −1,5; n aus A: 6 = −1,5 · (−2) + n, n = 3";"3";"negativ|dezimal";"";"";"Gerade durch A und B|Aussage 1 falsch, Aussage 2 wahr|f(x) = −1,5x + 3";"m = −1,5";"II";"Vorzeichen der Steigung";"drei Leistungen in einer Einheit, Punkte ungeteilt"
"2025-OS-K5b";"2025";"OS";"Kontext";"5";"Funktionen";"b";"11";"2";"nein";"ja";"";"Gleichungen und Funktionen";"Quadratische Funktionen";"Scheitelpunkt ablesen";"Scheitelpunktform aufstellen";"Parabel|Scheitelpunkt|Scheitelpunktform|quadratische Ergänzung";"binomische Formel";"Eintragen|Eintragen";"Geben Sie an|Geben Sie an";"Zahl|Term";"Koordinatensystem";"Koordinatensystem x von −3 bis 6, y von −2 bis 4, Gitter 1; eingezeichnete nach oben geöffnete Parabel p mit Scheitel (3|−2), Nullstellen bei etwa 1,6 und 4,4, Graph oben rechts mit p beschriftet; darunter Eintragfelder „S( | )“ und „p(x) =“";"ohne";"mittel";"p(x) = x² − 6x + 7, Parabel im Koordinatensystem abgebildet";"Scheitelpunkt S|Gleichung in Scheitelpunktform";"Scheitel am Graphen ablesen oder quadratische Ergänzung: x² − 6x + 9 − 2 = (x − 3)² − 2";"2";"ganz|negativ";"";"";"S(3|−2)|p(x) = (x − 3)² − 2";"";"I";"Vorzeichen in der Scheitelpunktform: (x + 3)² − 2";""
"2025-OS-K5c";"2025";"OS";"Kontext";"5";"Funktionen";"c";"11";"4";"ja";"ja";"";"Gleichungen und Funktionen";"Quadratische Funktionen";"Nullstellen quadratische Funktion berechnen";"";"Nullstellen|p-q-Formel|Schnittpunkte x-Achse";"p-q-Formel|Wurzel ziehen";"Rechnung";"Berechnen Sie";"Zahl";"Koordinatensystem";"Parabel wie in K5b auf derselben Seite abgebildet (Koordinatensystem x von −3 bis 6, y von −2 bis 4); Karokästchen";"ohne";"kurz";"p(x) = x² − 6x + 7";"Schnittpunkte mit der x-Achse";"x² − 6x + 7 = 0; p-q-Formel: x = 3 ± √(9 − 7)";"3";"ganz|Wurzel|dezimal";"";"";"N1(1,59|0) und N2(4,41|0), x = 3 ± √2";"Diskriminante 9 − 7 = 2";"II";"Vorzeichen in der p-q-Formel (−p/2 = 3, nicht −3) oder Wurzel aus 9 + 7";""
"2025-OS-K6a";"2025";"OS";"Kontext";"6";"Kita";"a";"12";"2";"nein";"ja";"";"Daten und Zufall";"Kenngrößen";"Kenngrößen einer Liste prüfen";"";"Spannweite|Modalwert|Aussage prüfen|Korrektur";"";"Ankreuzen|Kurzantwort";"Kreuzen Sie an|korrigieren Sie";"Kreuz|Zahl";"Tabelle";"Liste von zehn Zahlen in einem Kasten: 5 2 1 4 2 4 2 4 2 2; Tabelle mit Spalten „Aussage zu den Kindern“ / „falsch“ (Ankreuzfeld) / „Korrektur“ und zwei Zeilen: „Die Spannweite beträgt 4 Jahre.“ und „Der Modalwert (Modus) beträgt 4 Jahre.“";"Kita/Alter";"mittel";"Alter der Kinder: 5, 2, 1, 4, 2, 4, 2, 4, 2, 2; Aussage 1: Spannweite 4 Jahre; Aussage 2: Modalwert 4 Jahre";"falsche Aussage|Korrektur";"Spannweite 5 − 1 = 4 (wahr); häufigster Wert ist 2 (fünfmal), nicht 4 (dreimal)";"2";"ganz";"Jahre";"";"Aussage 2 (Modalwert 4 Jahre) ist falsch|Korrektur: Modalwert 2 Jahre";"Häufigkeiten 1: 1, 2: 5, 4: 3, 5: 1";"I";"Modalwert mit Maximum oder Median verwechseln";""
"2025-OS-K6b";"2025";"OS";"Kontext";"6";"Kita";"b";"12";"3";"nein";"ja";"";"Daten und Zufall";"Daten darstellen";"Prozentsatz berechnen";"Kreisdiagramm zeichnen";"Anteil|Prozent|Kreisdiagramm|Mittelpunktswinkel";"Prozentsatz in Winkel umrechnen|Winkel mit Geodreieck abtragen";"Rechnung|Zeichnen";"Ermitteln Sie|Stellen Sie dar";"Zahl|Grafik";"Tabelle|Diagramm";"Liste von elf Zahlen in einem Kasten: 52 57 33 44 31 30 66 58 61 41 55; darunter links Karokästchen, rechts ein leerer Kreis (Durchmesser ca. 5 cm) mit markiertem Mittelpunkt";"Kita/Alter";"mittel";"Alter der 11 Erziehenden: 52, 57, 33, 44, 31, 30, 66, 58, 61, 41, 55";"Anteil der unter 50-Jährigen in Prozent|Kreisdiagramm mit diesem Anteil";"5 von 11 sind jünger als 50; 5 : 11 = 0,4545; Winkel 0,4545 · 360°";"3";"ganz|dezimal|Prozent";"Jahre|%|Grad";"";"≈ 45,5 %|Sektor von ≈ 164° (Rest ≈ 196°) im Kreis";"5 Personen (33, 44, 31, 30, 41); 163,6°";"II";"Anteil auf 10 statt 11 beziehen oder 45,5 % als 45,5° eintragen";""
"2025-OS-K6c";"2025";"OS";"Kontext";"6";"Kita";"c";"13";"3";"ja";"ja";"";"Daten und Zufall";"Kenngrößen";"Arithmetisches Mittel berechnen";"Veränderung des Mittelwerts begründen";"Mittelwert|Durchschnitt|Ausreißer|Erklären";"Summe bilden|Abweichungen vom Mittelwert";"Rechnung|Begründung";"Bestimmen Sie|Erklären Sie";"Zahl|Text";"keins";"keine (Liste steht im Stamm auf Seite 12)";"Kita/Alter";"mittel";"Alter der 11 Erziehenden: 52, 57, 33, 44, 31, 30, 66, 58, 61, 41, 55; die älteste (66) und die jüngste Person (30) verlassen die Kita";"Durchschnittsalter|Auswirkung des Weggangs auf den Durchschnitt";"528 : 11 = 48; 66 + 30 = 96 = 2 · 48, also (528 − 96) : 9 = 48";"3";"ganz";"Jahre";"";"48 Jahre|Durchschnitt bleibt 48 Jahre, weil die beiden zusammen genau 2 · 48 Jahre alt sind (Abweichungen +18 und −18 heben sich auf)";"Summe 528; neue Summe 432 bei 9 Personen";"III";"annehmen, der Durchschnitt sinke, weil die älteste Person geht, ohne die jüngste gegenzurechnen";"zweite Leistung ohne eigenen Buchstaben"
"2025-OS-K7a";"2025";"OS";"Kontext";"7";"Bakterien";"a";"14";"2";"nein";"ja";"";"Gleichungen und Funktionen";"Exponentialfunktionen und Wachstum";"Wertetabelle als Punkte darstellen";"";"Wertetabelle|Punkte eintragen|Wachstum|Skala";"Werte auf einer 50er-Skala abtragen";"Zeichnen";"Stellen Sie dar";"Grafik";"Tabelle|Koordinatensystem";"Tabelle mit zwei Zeilen: Zeit in Stunden 0, 1, 2, 3, 4; Anzahl der Bakterien 80, 112, 157, 220, 308; darunter Koordinatensystem mit x-Achse „Zeit in Stunden“ 0 bis 4 (Einheit 1, ca. 1 cm) und y-Achse „Anzahl der Bakterien“ 0 bis 400 in 50er-Schritten (ca. 1 cm je 50), Gitter";"Biologie/Wachstum";"mittel";"Wertetabelle t = 0 bis 4 h: 80, 112, 157, 220, 308 Bakterien, exponentielles Wachstum";"Darstellung im Koordinatensystem";"Wertepaare (0|80), (1|112), (2|157), (3|220), (4|308) eintragen, ggf. verbinden";"1";"ganz";"h";"";"fünf Punkte (0|80), (1|112), (2|157), (3|220), (4|308), zunehmend steiler ansteigend";"";"I";"y-Werte auf der 50er-Skala ungenau abtragen (157 als 175)";""
"2025-OS-K7b";"2025";"OS";"Kontext";"7";"Bakterien";"b";"15";"4";"ja";"ja";"";"Gleichungen und Funktionen";"Exponentialfunktionen und Wachstum";"Wachstumsfaktor aus Tabelle bestimmen";"Exponentialfunktion aufstellen|Funktionswert berechnen|Behauptung prüfen";"Wachstumsfaktor|Quotient|Exponentialfunktion|Prognose";"Potenzen mit dem Taschenrechner";"Rechnung|Kurzantwort|Rechnung";"Weisen Sie nach|Geben Sie an|Überprüfen Sie rechnerisch";"Zahl|Term|Text";"keins";"keine (Tabelle steht in K7a auf Seite 14)";"Biologie/Wachstum";"mittel";"Tabelle: Zeit in Stunden 0, 1, 2, 3, 4; Anzahl der Bakterien 80, 112, 157, 220, 308, exponentielles Wachstum; Aussage: „Nach 24 Stunden ist der Bakterienstamm auf mehr als 250 000 Bakterien angewachsen.“";"Nachweis Faktor 1,4|Gleichung N(t)|Wahrheitswert der Aussage";"Quotienten aufeinanderfolgender Werte: 112 : 80 = 1,4 (weitere ≈ 1,40); N(t) = 80 · 1,4^t; N(24) = 80 · 1,4^24";"4";"ganz|dezimal|Potenz";"h";"";"112 : 80 = 1,4 (alle Quotienten ≈ 1,4)|N(t) = 80 · 1,4^t|N(24) ≈ 257 136 > 250 000, Aussage wahr";"1,4^24 ≈ 3214,2";"II";"Differenzen statt Quotienten bilden oder 80 · 1,4 · 24 rechnen";"drei Leistungen in einer Einheit, Punkte ungeteilt"
"2026-FOR-K2a";"2026";"FOR";"Kontext";"2";"Turm";"a";"4";"2";"";"ja";"";"Größen und Messen";"Volumen und Oberfläche";"Volumen Zylinder berechnen";"";"Zylinder|Volumen|Turm";"Formel aus der Formelsammlung entnehmen";"Rechnung";"Berechnen Sie";"Zahl";"Körper";"Turm als Körper: grau schattierter Zylinder mit Höhe h (Maßpfeil rechts) und Radius r (Pfeil am Boden), darauf ein Kegel mit Mantellinie s (Pfeil an der Schräge); Maße im Text links: h = 25,0 m, r = 4,7 m, s = 8,6 m; Hinweis „Abbildung nicht maßstabsgerecht“; Karokästchen";"Bauwesen/Architektur";"mittel";"Zylinder mit r = 4,7 m und h = 25,0 m";"Volumen des Zylinders";"V = π · r² · h = π · 4,7² · 25";"1";"dezimal";"m|m³";"";"≈ 1734,9 m³";"";"I";"r² als 2r rechnen oder r mit dem Durchmesser verwechseln";""
"2026-FOR-K2b";"2026";"FOR";"Kontext";"2";"Turm";"b";"4";"3";"";"ja";"";"Größen und Messen";"Volumen und Oberfläche";"Mantelfläche Kegel berechnen";"Kosten aus Menge und Preis berechnen";"Kegel|Mantelfläche|Dachziegel|Kosten";"Formel Kegelmantel";"Rechnung";"Berechnen Sie";"Zahl";"Körper";"Turm als Körper: grau schattierter Zylinder mit Höhe h (Maßpfeil rechts) und Radius r (Pfeil am Boden), darauf ein Kegel mit Mantellinie s (Pfeil an der Schräge); Maße im Text links: h = 25,0 m, r = 4,7 m, s = 8,6 m; Hinweis „Abbildung nicht maßstabsgerecht“ (Abbildung im Stamm auf Seite 4)";"Bauwesen/Architektur";"mittel";"Kegeldach mit r = 4,7 m und Mantellinie s = 8,6 m; 1 m² Dachziegel kostet 20,00 €";"Kosten der Dachziegel";"M = π · r · s = π · 4,7 · 8,6 ≈ 127,0 m²; Kosten 127,0 · 20 €";"2";"dezimal";"m|m²|€";"";"≈ 2539,66 € (rund 2540 €)";"M ≈ 126,98 m²";"II";"Grundfläche des Kegels mitrechnen oder s als Höhe einsetzen";""
"2026-FOR-K2c";"2026";"FOR";"Kontext";"2";"Turm";"c";"5";"3";"";"ja";"";"Größen und Messen";"Satz des Pythagoras";"Pythagoras Kathete";"Teilstrecke berechnen";"Kegel|Höhe|Pythagoras|Gesamthöhe";"Wurzel ziehen|rechtwinkliges Dreieck im Kegel erkennen";"Rechnung";"Bestimmen Sie";"Zahl";"Körper";"Turm als Körper: grau schattierter Zylinder mit Höhe h (Maßpfeil rechts) und Radius r (Pfeil am Boden), darauf ein Kegel mit Mantellinie s (Pfeil an der Schräge); Maße im Text links: h = 25,0 m, r = 4,7 m, s = 8,6 m; Hinweis „Abbildung nicht maßstabsgerecht“ (Abbildung im Stamm auf Seite 4)";"Bauwesen/Architektur";"kurz";"Zylinder mit h = 25,0 m, Kegeldach mit r = 4,7 m und s = 8,6 m";"Gesamthöhe des Turms";"Kegelhöhe = √(s² − r²) = √(8,6² − 4,7²); Gesamthöhe = 25,0 + Kegelhöhe";"3";"dezimal|Wurzel";"m";"";"≈ 32,2 m";"Kegelhöhe ≈ 7,20 m (√51,87)";"II";"s als Kegelhöhe nehmen (33,6 m) oder s² + r² addieren";""
"2026-FOR-K2d";"2026";"FOR";"Kontext";"2";"Turm";"d";"5";"3";"";"ja";"";"Größen und Messen";"Volumen und Oberfläche";"Volumen Kegel und Zylinder vergleichen";"Behauptung prüfen";"Kegel|Zylinder|Volumenformel|Variablen|Aussage";"mit Variablen rechnen|(3r)² auflösen";"Rechnung|Begründung";"Untersuchen Sie rechnerisch";"Text";"keins";"keine";"ohne";"mittel";"Zylinder und Kegel mit gleicher Höhe h; Aussage: „Wenn der Radius des Kegels dreimal so groß ist wie der Radius des Zylinders, haben beide das gleiche Volumen.“";"Prüfung der Aussage mit Rechnung";"V_Kegel = 1/3 · π · (3r)² · h = 3 · π · r² · h = 3 · V_Zylinder; oder mit Beispielwerten";"2";"ganz|Potenz";"";"";"Aussage falsch: der Kegel hat das dreifache Volumen (gleich wäre es beim √3-fachen Radius)";"";"III";"(3r)² = 3r² setzen und die Aussage bestätigen";""
"2026-FOR-K3a";"2026";"FOR";"Kontext";"3";"Benzinpreise";"a";"6";"1";"";"ja";"";"Daten und Zufall";"Kenngrößen";"Spannweite berechnen";"";"Spannweite|Maximum|Minimum|Preise";"";"Kurzantwort";"Geben Sie an";"Zahl";"Tabelle";"Tabelle mit Kopfzeile „Wochentage“ (Mo bis So) und Zeile „Benzinpreis in € pro Liter“: 1,77; 1,78; 1,77; 1,79; 1,84; 1,82; 1,85; Zapfsäulen-Piktogramm";"Tankstelle/Preise";"kurz";"Benzinpreise: Mo 1,77; Di 1,78; Mi 1,77; Do 1,79; Fr 1,84; Sa 1,82; So 1,85 (€ pro Liter)";"Spannweite";"1,85 − 1,77";"1";"dezimal";"€";"";"0,08 € pro Liter";"";"I";"Sa statt So als Maximum nehmen (0,05)";""
"2026-FOR-K3b";"2026";"FOR";"Kontext";"3";"Benzinpreise";"b";"6";"2";"";"ja";"";"Daten und Zufall";"Kenngrößen";"Arithmetisches Mittel berechnen";"Behauptung prüfen";"Mittelwert|Teilzeitraum|Behauptung";"";"Rechnung";"Zeigen Sie rechnerisch";"Zahl";"Tabelle";"Tabelle mit Kopfzeile „Wochentage“ (Mo bis So) und Zeile „Benzinpreis in € pro Liter“: 1,77; 1,78; 1,77; 1,79; 1,84; 1,82; 1,85; Zapfsäulen-Piktogramm";"Tankstelle/Preise";"mittel";"Benzinpreise: Mo 1,77; Di 1,78; Mi 1,77; Do 1,79; Fr 1,84; Sa 1,82; So 1,85 (€ pro Liter); Behauptung: Mo bis Fr liegt der Durchschnittspreis unter 1,80 €";"Nachweis der Behauptung";"(1,77 + 1,78 + 1,77 + 1,79 + 1,84) : 5 = 8,95 : 5";"2";"dezimal";"€";"";"Mittel Mo–Fr = 1,79 € < 1,80 €, Aussage richtig";"Summe 8,95";"I";"alle sieben Tage mitteln (1,803) und die Aussage verwerfen";""
"2026-FOR-K3c";"2026";"FOR";"Kontext";"3";"Benzinpreise";"c";"6";"2";"";"ja";"";"Zahlen und Operationen";"Prozentrechnung";"Prozentuale Veränderung berechnen";"";"Preissteigerung|Prozent|Grundwert alt";"";"Rechnung";"Berechnen Sie";"Zahl";"Tabelle";"Tabelle mit Kopfzeile „Wochentage“ (Mo bis So) und Zeile „Benzinpreis in € pro Liter“: 1,77; 1,78; 1,77; 1,79; 1,84; 1,82; 1,85; Zapfsäulen-Piktogramm";"Tankstelle/Preise";"kurz";"Preis Do 1,79 €, Fr 1,84 €";"Steigerung in Prozent";"1,84 : 1,79 = 1,0279, also 2,8 %; oder 0,05 : 1,79";"2";"dezimal|Prozent";"€|%";"";"≈ 2,8 %";"Differenz 0,05 €";"II";"Differenz auf den neuen Preis beziehen (0,05 : 1,84 = 2,7 %)";""
"2026-FOR-K3d";"2026";"FOR";"Kontext";"3";"Benzinpreise";"d";"7";"1";"";"ja";"";"Daten und Zufall";"Daten darstellen";"Säulendiagramm ergänzen";"";"Säulendiagramm|Skala|ergänzen";"";"Zeichnen";"Zeichnen Sie ein";"Grafik";"Diagramm";"Säulendiagramm mit y-Achse „Benzinpreis in € pro Liter“ von 1,75 bis 1,90 (Beschriftung alle 0,05, Hilfslinien alle 0,01) und x-Achse Mo bis So („Wochentag“); blaue Säulen Mo 1,77, Di 1,78, Mi 1,77, Do 1,79, Fr 1,84, Sa 1,82; Platz für So leer";"Tankstelle/Preise";"kurz";"Diagramm mit sechs Säulen Mo–Sa (Werte wie in der Tabelle), Preis So = 1,85 €";"Säule für So";"Wert 1,85 auf der Skala (1,75 bis 1,90, Schritt 0,01) abtragen";"1";"dezimal";"€";"";"Säule So bis 1,85 (höchste Säule)";"";"I";"Skala falsch lesen (Hilfslinie = 0,01)";""
"2026-FOR-K3e";"2026";"FOR";"Kontext";"3";"Benzinpreise";"e";"7";"1";"";"ja";"";"Daten und Zufall";"Diagramme lesen und beurteilen";"Verzerrung eines Diagramms erklären";"";"abgeschnittene Achse|Manipulation|Säulenhöhe|Begründen";"";"Begründung";"Begründen Sie";"Text";"Diagramm";"Säulendiagramm mit y-Achse „Benzinpreis in € pro Liter“ von 1,75 bis 1,90 (Beschriftung alle 0,05, Hilfslinien alle 0,01) und x-Achse Mo bis So („Wochentag“); blaue Säulen Mo 1,77, Di 1,78, Mi 1,77, Do 1,79, Fr 1,84, Sa 1,82; Platz für So leer (Diagramm zu K3d auf derselben Seite)";"Tankstelle/Preise";"mittel";"Fabios Säulendiagramm mit y-Achse ab 1,75 €; seine Aussage: das Diagramm zeigt, dass sich die Preise von Do auf Fr mehr als verdoppeln (tatsächlich 1,79 → 1,84)";"Erklärung des falschen Eindrucks";"y-Achse beginnt bei 1,75 statt bei 0; die Säulen zeigen nur den Teil über 1,75 (Do 0,04, Fr 0,09), dieser Teil verdoppelt sich, der Preis nur um 0,05 €";"0";"dezimal";"€";"";"Die Achse ist abgeschnitten (beginnt bei 1,75 €); die Säulenhöhen bilden nur die Differenz zu 1,75 € ab, deshalb wirkt Fr mehr als doppelt so hoch wie Do, obwohl der Preis nur um 2,8 % steigt";"";"III";"die Verdopplung nur an den Preisen widerlegen, ohne die Achse zu nennen";""
"2026-FOR-K4a";"2026";"FOR";"Kontext";"4";"Viereck";"a";"8";"2";"";"ja";"";"Größen und Messen";"Satz des Pythagoras";"Pythagoras Kathete";"";"Parallelogramm|Höhe|Pythagoras|Kathete";"Wurzel ziehen";"Rechnung";"Berechnen Sie";"Zahl";"Figur";"Abbildung 1: Parallelogramm ABCD (A links unten, B rechts unten, C rechts oben, D links oben, nach rechts geneigt); Seite BC mit 32 cm beschriftet; AB über B hinaus bis F verlängert, BF = 13 cm; von C gestrichelt senkrecht nach unten die Höhe h bis F, rechter Winkel in F; Winkel ε bei B zwischen BF und BC; Hinweis „Abbildung nicht maßstabsgerecht“; Karokästchen";"ohne";"mittel";"Parallelogramm ABCD; BC = 32 cm; F auf der Verlängerung von AB mit BF = 13 cm; CF = h steht senkrecht auf AF; ε = Winkel CBF";"h";"h = √(32² − 13²) = √855";"2";"ganz|Wurzel|dezimal";"cm";"";"h ≈ 29,2 cm";"h² = 1024 − 169 = 855";"I";"32² + 13² addieren";""
"2026-FOR-K4b";"2026";"FOR";"Kontext";"4";"Viereck";"b";"8";"2";"";"ja";"";"Größen und Messen";"Trigonometrie im rechtwinkligen Dreieck";"Winkel im rechtwinkligen Dreieck berechnen";"";"Kosinus|Ankathete|Hypotenuse|Nachweis";"Umkehrfunktion cos⁻¹ am Taschenrechner";"Rechnung";"Weisen Sie nach";"Zahl";"Figur";"Abbildung 1: Parallelogramm ABCD (A links unten, B rechts unten, C rechts oben, D links oben, nach rechts geneigt); Seite BC mit 32 cm beschriftet; AB über B hinaus bis F verlängert, BF = 13 cm; von C gestrichelt senkrecht nach unten die Höhe h bis F, rechter Winkel in F; Winkel ε bei B zwischen BF und BC; Hinweis „Abbildung nicht maßstabsgerecht“ (Abbildung im Stamm auf Seite 8)";"ohne";"kurz";"Parallelogramm ABCD; BC = 32 cm; F auf der Verlängerung von AB mit BF = 13 cm; CF = h steht senkrecht auf AF; ε = Winkel CBF";"Nachweis ε ≈ 66°";"cos ε = 13 : 32 = 0,406; ε = cos⁻¹(0,406); alternativ tan ε = h : 13 mit h aus a)";"2";"ganz|dezimal";"cm|Grad";"";"ε ≈ 66,0°";"";"I";"sin statt cos (13 als Gegenkathete)";"über cos unabhängig von a); über tan abhängig von 2026-FOR-K4a"
"2026-FOR-K4c";"2026";"FOR";"Kontext";"4";"Viereck";"c";"9";"3";"";"ja";"";"Größen und Messen";"Trigonometrie im rechtwinkligen Dreieck";"Seite im rechtwinkligen Dreieck berechnen";"";"Diagonale|Sinus|Hypotenuse|Parallelogramm";"Gleichung nach der Hypotenuse umstellen";"Rechnung";"Bestimmen Sie";"Zahl";"Figur";"Abbildung 2: wie Abbildung 1, zusätzlich die Diagonale AC dünn eingezeichnet und der Winkel 22° bei A zwischen AB und AC; Hinweis „Abbildung nicht maßstabsgerecht“; Karokästchen";"ohne";"kurz";"Parallelogramm ABCD; BC = 32 cm; F auf der Verlängerung von AB mit BF = 13 cm; CF = h steht senkrecht auf AF; ε = Winkel CBF; Winkel CAB = 22°; h ≈ 29,24 cm aus a)";"Länge der Diagonale AC";"im rechtwinkligen Dreieck AFC: sin 22° = h : AC, AC = 29,24 : sin 22°; alternativ Sinussatz im Dreieck ABC";"2";"dezimal";"cm|Grad";"2026-FOR-K4a";"AC ≈ 78,1 cm";"AF ≈ 72,4 cm";"II";"AF = 13 cm annehmen oder tan statt sin";""
"2026-FOR-K5a";"2026";"FOR";"Kontext";"5";"Funktionen";"a";"10";"2";"";"ja";"";"Gleichungen und Funktionen";"Lineare Funktionen";"Gerade aus Gleichung zeichnen";"";"lineare Funktion|Steigung|y-Achsenabschnitt|zeichnen";"Steigungsdreieck";"Zeichnen";"Zeichnen Sie ein";"Grafik";"Koordinatensystem";"Koordinatensystem mit Ursprung O, x von −2 bis 5, y von −2 bis 5 beschriftet, Gitter 1 mit Hilfslinien alle 0,5; eingezeichnete nach oben geöffnete Parabel p mit Scheitel (2|−2), Nullstellen bei etwa 0,6 und 3,4, y-Achsenabschnitt 2 (die Parabel gehört zu c und d, die Gerade wird in dasselbe System gezeichnet)";"ohne";"kurz";"f(x) = −2x + 2";"Graph von f";"y-Achsenabschnitt 2, Steigungsdreieck 1 nach rechts, 2 nach unten; Gerade durch (0|2) und (1|0)";"1";"ganz|negativ";"";"";"Gerade durch (0|2) und (1|0), fallend mit Steigung −2";"";"I";"Steigung −2 als 2 nach rechts, 1 nach unten";""
"2026-FOR-K5b";"2026";"FOR";"Kontext";"5";"Funktionen";"b";"10";"2";"";"ja";"";"Gleichungen und Funktionen";"Lineare Funktionen";"Punktprobe durchführen";"";"Punktprobe|Einsetzen|negative Zahlen";"";"Rechnung";"Untersuchen Sie rechnerisch";"Text";"keins";"keine";"ohne";"kurz";"f(x) = −2x + 2; Punkt P(−4|10)";"liegt P auf dem Graphen?";"f(−4) = −2 · (−4) + 2 = 10 mit y-Wert vergleichen";"1";"ganz|negativ";"";"";"f(−4) = 10, P liegt auf dem Graphen";"";"I";"−2 · (−4) = −8";""
"2026-FOR-K5c";"2026";"FOR";"Kontext";"5";"Funktionen";"c";"10";"1";"";"ja";"";"Gleichungen und Funktionen";"Quadratische Funktionen";"Scheitelpunkt ablesen";"";"Scheitelpunktform|Scheitelpunkt|verschobene Normalparabel";"";"Eintragen";"Geben Sie an";"Zahl";"Koordinatensystem";"Koordinatensystem mit Ursprung O, x von −2 bis 5, y von −2 bis 5 beschriftet, Gitter 1 mit Hilfslinien alle 0,5; eingezeichnete nach oben geöffnete Parabel p mit Scheitel (2|−2), Nullstellen bei etwa 0,6 und 3,4, y-Achsenabschnitt 2; Eintragfeld „S( | )“";"ohne";"kurz";"p(x) = (x − 2)² − 2, Parabel abgebildet";"Scheitelpunkt";"aus der Scheitelpunktform oder am Graphen ablesen";"1";"ganz|negativ";"";"";"S(2|−2)";"";"I";"Vorzeichen: S(−2|−2)";""
"2026-FOR-K5d";"2026";"FOR";"Kontext";"5";"Funktionen";"d";"11";"3";"";"ja";"";"Gleichungen und Funktionen";"Quadratische Funktionen";"Lage zweier Parabeln begründen";"";"Öffnung|Scheitel|gemeinsame Punkte|ohne Rechnung";"Bedeutung des Vorzeichens vor der Klammer";"Kurzantwort|Begründung";"Geben Sie an|Begründen Sie";"Zahl|Text";"keins";"keine (Parabel p ist auf Seite 10 abgebildet)";"ohne";"mittel";"p(x) = (x − 2)² − 2 (nach oben geöffnet, Scheitel (2|−2)); q(x) = −(x − 2)² − 2";"Anzahl gemeinsamer Punkte|Begründung ohne Rechnung";"beide Parabeln haben den Scheitel (2|−2); p ist nach oben, q nach unten geöffnet; sie berühren sich nur im Scheitel";"0";"ganz|negativ";"";"";"genau ein gemeinsamer Punkt, der Scheitel S(2|−2)";"";"III";"zwei Schnittpunkte annehmen oder q als Spiegelung an der x-Achse deuten";""
"2026-FOR-K6a";"2026";"FOR";"Kontext";"6";"Würfel";"a";"12";"1";"";"ja";"";"Daten und Zufall";"Wahrscheinlichkeit einstufig";"Wahrscheinlichkeit einstufig";"";"Würfel|Laplace|Netz|günstige Fälle";"";"Kurzantwort";"Geben Sie an";"Zahl";"Figur";"Abbildung 1: zwei Würfelnetze in Kreuzform (waagerechte Reihe von vier Feldern, über und unter dem zweiten Feld je ein Feld); Würfel A: oben 2, Reihe 1 2 4 1, unten 5; Würfel B: oben 3, Reihe 3 1 2 1, unten 3";"Glücksspiel";"mittel";"Würfel A mit den Zahlen 1, 1, 2, 2, 4, 5; Würfel B mit 1, 1, 2, 3, 3, 3; Würfel A wird einmal geworfen";"P(2) bei Würfel A";"zwei von sechs Flächen zeigen 2";"1";"Bruch";"";"";"2/6 = 1/3";"";"I";"1/6, weil die 2 nur einmal gezählt wird";""
"2026-FOR-K6b";"2026";"FOR";"Kontext";"6";"Würfel";"b";"12";"4";"";"ja";"";"Daten und Zufall";"Wahrscheinlichkeit mehrstufig";"Baumdiagramm ergänzen";"Wahrscheinlichkeit zweistufig unabhängig";"Baumdiagramm|gerade/ungerade|Pfadregel|Gegenwahrscheinlichkeit";"Summe der Wahrscheinlichkeiten an einem Knoten ist 1";"Eintragen|Rechnung";"Ergänzen Sie|Ermitteln Sie";"Zahl|Zahl";"Diagramm";"zweistufiges Baumdiagramm: Startpunkt links, Stufe „Würfel A“ mit Ästen gerade (3/6 vorgegeben) und ungerade (leeres Feld), Stufe „Würfel B“ an jedem Ast gerade/ungerade; vorgegeben 1/6 am Ast gerade→gerade, die drei übrigen Felder leer; darunter Karokästchen";"Glücksspiel";"mittel";"Würfel A mit den Zahlen 1, 1, 2, 2, 4, 5; Würfel B mit 1, 1, 2, 3, 3, 3; erst A, dann B geworfen; betrachtet wird gerade/ungerade; im Baum vorgegeben P(A gerade) = 3/6 und P(B gerade | A gerade) = 1/6";"fehlende Wahrscheinlichkeiten im Baum|P(beide ungerade)";"A ungerade 3/6; bei B gerade 1/6 und ungerade 5/6 auf beiden Ästen; Pfadregel 3/6 · 5/6";"3";"Bruch";"";"";"A ungerade 3/6; B ungerade 5/6 (nach gerade), gerade 1/6 und ungerade 5/6 (nach ungerade)|P(beide ungerade) = 15/36 = 5/12";"";"II";"B ungerade wie A mit 3/6 ansetzen oder 3/6 + 5/6 rechnen";"zwei Leistungen in einer Einheit, Punkte ungeteilt"
"2026-FOR-K6c";"2026";"FOR";"Kontext";"6";"Würfel";"c";"13";"2";"";"ja";"";"Daten und Zufall";"Wahrscheinlichkeit mehrstufig";"Wahrscheinlichkeit über Gegenereignis berechnen";"";"Gegenereignis|nicht zweimal|Pfadregel";"Ereignis in Worten deuten";"Rechnung";"Bestimmen Sie";"Zahl";"keins";"keine (Baumdiagramm aus K6b auf Seite 12)";"Glücksspiel";"kurz";"Würfel A mit den Zahlen 1, 1, 2, 2, 4, 5; Würfel B mit 1, 1, 2, 3, 3, 3; erst A, dann B; E: „Es wird nicht zweimal eine gerade Zahl gewürfelt.“";"P(E)";"Gegenereignis zweimal gerade: 3/6 · 1/6 = 3/36; P(E) = 1 − 3/36";"2";"Bruch";"";"2026-FOR-K6b";"33/36 = 11/12";"P(gerade, gerade) = 1/12";"II";"„nicht zweimal gerade“ als „zweimal ungerade“ lesen (5/12)";""
"2026-FOR-K6d";"2026";"FOR";"Kontext";"6";"Würfel";"d";"13";"2";"";"ja";"";"Daten und Zufall";"Wahrscheinlichkeit mehrstufig";"Zufallsgerät zu Wahrscheinlichkeit entwerfen";"Wahrscheinlichkeit zweistufig unabhängig";"Würfelnetz|Summe|Rückwärtsaufgabe|1/6";"1/6 als Produkt zweier Brüche zerlegen";"Eintragen|Rechnung";"Beschriften Sie|Zeigen Sie durch eine Rechnung";"Grafik|Zahl";"Figur";"Abbildung 2: Netz von Würfel A wie in Abbildung 1 beschriftet (oben 2, Reihe 1 2 4 1, unten 5), daneben leeres Netz „Würfel B (neu)“ in derselben Kreuzform; Karokästchen";"Glücksspiel";"mittel";"Würfel A mit den Zahlen 1, 1, 2, 2, 4, 5; Würfel B mit 1, 1, 2, 3, 3, 3; bei Würfel B wird genau eine Zahl geändert; erst A, dann B; Ziel: P(Summe = 2) = 1/6";"Beschriftung von Würfel B neu|Rechnung, die P = 1/6 zeigt";"Summe 2 nur bei 1 + 1; P(A = 1) = 2/6, also muss P(B = 1) = 1/2 sein, d. h. drei Einsen auf B: die 2 oder eine 3 durch 1 ersetzen; Probe 2/6 · 3/6 = 6/36";"3";"Bruch";"";"";"z. B. B neu: 1, 1, 1, 3, 3, 3 (die 2 durch 1 ersetzt); P(1; 1) = 2/6 · 3/6 = 1/6";"";"III";"P(A = 1) = 1/6 ansetzen oder mehrere Zahlen ändern";"offene Aufgabe: jede Belegung mit genau drei Einsen und einer geänderten Zahl ist richtig"
"2026-FOR-K7a";"2026";"FOR";"Kontext";"7";"Mietkosten";"a";"14";"2";"";"ja";"";"Gleichungen und Funktionen";"Exponentialfunktionen und Wachstum";"Wachstumstabelle ergänzen";"";"prozentuales Wachstum|Wachstumsfaktor 1,019|Tabelle";"Prozentsatz in Wachstumsfaktor umrechnen";"Eintragen";"Vervollständigen Sie";"Zahl";"Tabelle";"Tabelle mit Zeilen „Jahr“ (2026, 2027, 2028, 2029) und „Miete in €“ (leer, 662,35, 674,93, leer); Foto Haus mit Schlüsseln neben dem Text";"Wohnen/Miete";"mittel";"Miete im ersten Jahr (2026) 650 € monatlich, jährlich +1,9 %; Tabelle mit 2027: 662,35 € und 2028: 674,93 €";"Miete 2026 und 2029";"2026 ist der Anfangswert 650; 2029 = 674,93 · 1,019";"2";"dezimal|Prozent";"€";"";"2026: 650,00 €|2029: 687,76 €";"";"I";"2026 als 650 · 1,019 setzen oder jedes Jahr 12,35 € addieren (linear)";""
"2026-FOR-K7b";"2026";"FOR";"Kontext";"7";"Mietkosten";"b";"14";"3";"";"ja";"";"Gleichungen und Funktionen";"Exponentialfunktionen und Wachstum";"Graph zu Wachstumsprozess zuordnen";"Eigenschaften eines Graphen beurteilen";"exponentiell|linear|Startwert|Graph erkennen";"";"Ankreuzen|Begründung";"Entscheiden Sie|Kreuzen Sie an|Begründen Sie";"Kreuz|Text";"Diagramm";"drei kleine Koordinatensysteme A, B, C nebeneinander (Achsen „Miete in €“ und „Zeit in Jahren“, Gitter, keine Zahlen), je ein Ankreuzfeld darunter: A nach oben gekrümmte Kurve, die im Ursprung beginnt; B nach oben gekrümmte Kurve, die auf der y-Achse oberhalb des Ursprungs beginnt; C Gerade, die auf der y-Achse oberhalb des Ursprungs beginnt; Karokästchen";"Wohnen/Miete";"mittel";"Miete im ersten Jahr (2026) 650 € monatlich, jährlich +1,9 %; drei Graphen: A exponentiell ab Ursprung, B exponentiell ab positivem Startwert, C linear ab positivem Startwert";"passender Graph|Begründung, warum die zwei anderen nicht passen";"Startwert 650 > 0 schließt A aus; gleicher Prozentsatz bedeutet wachsende Zuwächse (gekrümmt), schließt C aus";"0";"ganz";"";"";"B|A: Miete beginnt bei 0 € statt bei 650 €; C: linear, also jedes Jahr gleicher Betrag statt gleicher Prozentsatz";"";"III";"C wählen, weil „1,9 % pro Jahr“ als konstanter Zuwachs verstanden wird";""
"2026-FOR-K7c";"2026";"FOR";"Kontext";"7";"Mietkosten";"c";"15";"3";"";"ja";"";"Gleichungen und Funktionen";"Exponentialfunktionen und Wachstum";"Exponentialfunktion aufstellen";"Funktionswert berechnen";"Exponentialfunktion|Wachstumsfaktor|Prognose|Jahre zählen";"Potenzen mit dem Taschenrechner|Jahre seit 2026 zählen";"Kurzantwort|Rechnung";"Stellen Sie auf|Ermitteln Sie";"Term|Zahl";"keins";"keine";"Wohnen/Miete";"kurz";"Miete im ersten Jahr (2026) 650 € monatlich, jährlich +1,9 % (2026 = Jahr 0, 2027: 662,35 €)";"Funktionsgleichung M(t)|Miete 2040";"M(t) = 650 · 1,019^t mit t = Jahre nach 2026; 2040: t = 14";"2";"dezimal|Potenz|Prozent";"€";"";"M(t) = 650 · 1,019^t|M(14) ≈ 845,96 € (rund 846 €)";"1,019^14 ≈ 1,3015";"II";"t = 15 setzen (862,04 €) oder 2040 direkt einsetzen; 1,9 statt 1,019 als Faktor";"Zählung t = 14 folgt der Tabelle in a) (2026 → 650 €)"
"2024-OS-K2a";"2024";"OS";"Kontext";"2";"Niederschläge";"a";"4";"2";"nein";"ja";"";"Daten und Zufall";"Kenngrößen";"Spannweite berechnen";"";"Spannweite|Säulendiagramm|Maximum|Minimum";"Werte aus dem Diagramm lesen";"Rechnung";"Ermitteln Sie";"Zahl";"Diagramm";"Säulendiagramm „Niederschlag in Brandenburg 2021“: y-Achse „Niederschlag in mm“ 0 bis 90 in 10er-Schritten, x-Achse Januar bis Dezember; über jeder Säule ihr Wert: 52,2; 39,6; 35,3; 19,2; 49,3; 85,1; 36,1; 82,4; 21,7; 54,6; 64,1; 42,1";"Wetter/Wasserverbrauch";"mittel";"monatliche Niederschläge 2021 in mm: Jan 52,2; Feb 39,6; Mär 35,3; Apr 19,2; Mai 49,3; Jun 85,1; Jul 36,1; Aug 82,4; Sep 21,7; Okt 54,6; Nov 64,1; Dez 42,1";"Spannweite";"85,1 − 19,2";"1";"dezimal";"mm";"";"65,9 mm";"";"I";"größte und kleinste Säule nach Augenmaß statt nach Wert wählen";""
"2024-OS-K2b";"2024";"OS";"Kontext";"2";"Niederschläge";"b";"4";"3";"nein";"ja";"";"Daten und Zufall";"Kenngrößen";"Arithmetisches Mittel berechnen";"Prozentuale Veränderung berechnen";"Durchschnitt|Jahressumme|Abweichung in Prozent|unterhalb";"Differenz auf den Bezugswert beziehen";"Rechnung|Rechnung";"Zeigen Sie|Ermitteln Sie";"Zahl|Zahl";"Diagramm";"Säulendiagramm „Niederschlag in Brandenburg 2021“: y-Achse „Niederschlag in mm“ 0 bis 90 in 10er-Schritten, x-Achse Januar bis Dezember; über jeder Säule ihr Wert: 52,2; 39,6; 35,3; 19,2; 49,3; 85,1; 36,1; 82,4; 21,7; 54,6; 64,1; 42,1 (Diagramm im Stamm auf Seite 4)";"Wetter/Wasserverbrauch";"mittel";"monatliche Niederschläge 2021 in mm: Jan 52,2; Feb 39,6; Mär 35,3; Apr 19,2; Mai 49,3; Jun 85,1; Jul 36,1; Aug 82,4; Sep 21,7; Okt 54,6; Nov 64,1; Dez 42,1; Jahressumme 581,7 mm; Behauptung: Monatsdurchschnitt ca. 48,5 mm";"Nachweis des Durchschnitts|Prozentsatz, um den der April unter dem Durchschnitt liegt";"581,7 : 12 = 48,475 ≈ 48,5; (48,5 − 19,2) : 48,5 = 0,604";"3";"dezimal|Prozent";"mm|%";"";"581,7 : 12 ≈ 48,5 mm|April liegt ≈ 60,4 % unter dem Durchschnitt";"Differenz 29,3 mm";"II";"Differenz auf 19,2 statt 48,5 beziehen (152 %) oder 19,2 : 48,5 = 39,6 % als Antwort";"zwei Leistungen in einer Einheit, Punkte ungeteilt"
"2024-OS-K2c";"2024";"OS";"Kontext";"2";"Niederschläge";"c";"5";"3";"ja";"ja";"";"Daten und Zufall";"Daten darstellen";"Sektor im Kreisdiagramm zuordnen";"Mittelpunktswinkel berechnen";"Kreisdiagramm|Anteil|Mittelpunktswinkel|Wasserverbrauch";"Sektorgrößen mit Tabellenwerten vergleichen";"Eintragen|Rechnung";"Beschriften Sie|Berechnen Sie";"Grafik|Zahl";"Tabelle|Diagramm";"Tabelle 1–6: Trinken und Kochen 12 l, Körperpflege 256 l, Toilettenspülung 136 l, Wäsche waschen 60 l, Gartenpflege 16 l, Sonstiges 28 l; Kreisdiagramm mit sechs Sektoren in dieser Reihenfolge im Uhrzeigersinn ab 12 Uhr, beschriftet nur „1 Trinken und Kochen“ (schmaler grauer Sektor oben) und „5 Gartenpflege“ (kleiner grauer Sektor links unten, mit Hinweislinie); Karokästchen";"Wetter/Wasserverbrauch";"mittel";"Tagesverbrauch 508 l: Trinken und Kochen 12, Körperpflege 256, Toilettenspülung 136, Wäsche waschen 60, Gartenpflege 16, Sonstiges 28 (l); Kreisdiagramm mit den sechs Anteilen, zwei davon beschriftet";"Sektor „Wäsche waschen“ beschriften|Winkel für 12 l";"Sektoren nach Größe zuordnen: Wäsche waschen (60 l, ≈ 43°) liegt zwischen Toilettenspülung und Gartenpflege; Winkel = 12 : 508 · 360°";"2";"ganz|dezimal";"l|Grad";"";"Sektor links unten vor Gartenpflege (≈ 43°) beschriften|≈ 8,5°";"12 : 508 ≈ 0,0236";"II";"Winkel als 12 % von 360° rechnen oder Sektor nach Reihenfolge raten";""
"2024-OS-K2d";"2024";"OS";"Kontext";"2";"Niederschläge";"d";"5";"1";"nein";"ja";"";"Gleichungen und Funktionen";"Zuordnungen proportional und antiproportional";"Kosten aus Menge und Preis berechnen";"";"Ersparnis|Cent|Liter|Regenwasser";"";"Rechnung";"Berechnen Sie";"Zahl";"keins";"keine (Tabelle im Stamm auf Seite 5)";"Wetter/Wasserverbrauch";"mittel";"Gartenpflege 16 l pro Tag; 1 l Leitungswasser kostet 0,14 ct";"Ersparnis pro Tag";"16 · 0,14 ct";"1";"dezimal";"l|ct";"";"2,24 ct pro Tag";"";"I";"0,14 ct als 0,14 € lesen (2,24 €)";"Preis in Cent, Ergebnis entsprechend ≈ 0,02 €"
"2024-OS-K3a";"2024";"OS";"Kontext";"3";"Funktionen";"a";"6";"2";"nein";"ja";"";"Gleichungen und Funktionen";"Lineare Funktionen";"Gerade aus Gleichung zeichnen";"";"lineare Funktion|Steigung 4|y-Achsenabschnitt|zeichnen";"Steigungsdreieck";"Zeichnen";"Zeichnen Sie ein";"Grafik";"Koordinatensystem";"Koordinatensystem mit Ursprung O, x von −4 bis 4 und y von −5 bis 8 beschriftet, Gitter 1 (reicht etwas über die Beschriftung hinaus), leer";"ohne";"kurz";"f(x) = 4x + 1";"Gerade f";"Achsenabschnitt 1, Steigungsdreieck 1 nach rechts, 4 nach oben";"1";"ganz";"";"";"Gerade durch (0|1) und (1|5), steil steigend";"";"I";"Steigung 4 als 4 nach rechts, 1 nach oben";""
"2024-OS-K3b";"2024";"OS";"Kontext";"3";"Funktionen";"b";"6";"2";"nein";"ja";"";"Gleichungen und Funktionen";"Quadratische Funktionen";"Parabel aus Gleichung skizzieren";"Scheitelpunkt ablesen";"Normalparabel|verschoben|Scheitelpunkt|skizzieren";"Form der Normalparabel";"Zeichnen|Eintragen";"Skizzieren Sie|Geben Sie an";"Grafik|Zahl";"Koordinatensystem";"Koordinatensystem mit Ursprung O, x von −4 bis 4 und y von −5 bis 8 beschriftet, Gitter 1 (reicht etwas über die Beschriftung hinaus), leer; Eintragfeld „S( | )“";"ohne";"kurz";"p(x) = x² − 4";"Skizze der Parabel|Scheitelpunkt";"Normalparabel um 4 nach unten verschoben; Nullstellen ±2; Scheitel bei x = 0";"1";"ganz|negativ";"";"";"Parabel mit Scheitel (0|−4) durch (±2|0) und (±3|5)|S(0|−4)";"";"I";"Verschiebung nach links (S(−4|0)) oder Parabel zu flach";"zwei Leistungen in einer Einheit"
"2024-OS-K3c";"2024";"OS";"Kontext";"3";"Funktionen";"c";"7";"2";"nein";"ja";"";"Gleichungen und Funktionen";"Quadratische Funktionen";"Punktprobe durchführen";"";"Punktprobe|Parabel|negative Zahl quadrieren";"";"Rechnung";"Überprüfen Sie rechnerisch";"Text";"keins";"keine";"ohne";"kurz";"p(x) = x² − 4; Punkt T(−5|20)";"liegt T auf p?";"p(−5) = 25 − 4 = 21 ≠ 20";"1";"ganz|negativ";"";"";"p(−5) = 21 ≠ 20, T liegt nicht auf p";"";"I";"(−5)² = −25";""
"2024-OS-K3d";"2024";"OS";"Kontext";"3";"Funktionen";"d";"7";"4";"ja";"ja";"";"Gleichungen und Funktionen";"Quadratische Funktionen";"Schnittpunkte Gerade und Parabel berechnen";"";"Schnittpunkte|Gleichsetzen|p-q-Formel|Gerade und Parabel";"p-q-Formel|Funktionsterme gleichsetzen";"Rechnung";"Berechnen Sie";"Zahl";"keins";"keine";"ohne";"kurz";"f(x) = 4x + 1 (Gerade f); p(x) = x² − 4 (Parabel p); beide schneiden sich in zwei Punkten";"Koordinaten der Schnittpunkte";"4x + 1 = x² − 4; x² − 4x − 5 = 0; x = 2 ± √9; y-Werte über f";"4";"ganz|negativ|Wurzel";"";"";"S1(−1|−3) und S2(5|21)";"x² − 4x − 5 = 0; x = 5 und x = −1";"II";"beim Gleichsetzen Vorzeichen (x² + 4x …) oder y-Werte vergessen";""
"2024-OS-K4a";"2024";"OS";"Kontext";"4";"Kegel";"a";"8";"2";"nein";"ja";"";"Größen und Messen";"Flächeninhalt und Umfang";"Kreisfläche berechnen";"";"Kegel|Grundfläche|Kreis|π";"";"Rechnung";"Berechnen Sie";"Zahl";"Körper";"Kasten „Der Kegel hat die Maße: r = 30 cm, h = 80 cm“; kleine Kegelskizze mit grauer Grundfläche als Ellipse; „Skizze nicht maßstabsgerecht“";"Verpackung/Transport";"kurz";"Kegel mit r = 30 cm, h = 80 cm";"Flächeninhalt der Grundfläche";"G = π · r² = π · 30²";"1";"ganz";"cm|cm²";"";"≈ 2827,4 cm²";"";"I";"Umfang 2πr berechnen oder r · h";""
"2024-OS-K4b";"2024";"OS";"Kontext";"4";"Kegel";"b";"8";"4";"nein";"ja";"";"Raum und Form";"Körper, Netze, Schrägbilder";"Körper in Schrägbild skizzieren";"Verpackungsmaße aus Körpermaßen bestimmen";"Schrägbild|Quader|Kegel|Durchmesser|kleinste Verpackung";"Durchmesser = 2r";"Zeichnen|Ankreuzen|Begründung";"Skizzieren Sie|Kreuzen Sie an|Begründen Sie";"Grafik|Kreuz|Text";"Körper";"Schrägbild eines leeren, hochkant stehenden Quaders (verdeckte Kanten gestrichelt) zum Einzeichnen; darunter vier Ankreuzoptionen: 31 cm × 31 cm × 81 cm; 61 cm × 61 cm × 101 cm; 61 cm × 61 cm × 81 cm; 31 cm × 61 cm × 81 cm; auf Seite 9 Karokästchen für die Begründung";"Verpackung/Transport";"mittel";"Kegel r = 30 cm, h = 80 cm; quaderförmiger Karton, so klein wie möglich; vier Verpackungsgrößen (L × B × H) zur Auswahl";"Kegel in den Quader skizziert|kleinste passende Verpackung|Begründung";"Grundkreis (Durchmesser 60) liegt auf der Bodenfläche, Spitze in der Mitte der Deckfläche; Länge und Breite müssen ≥ 60 cm, Höhe ≥ 80 cm sein";"1";"ganz";"cm";"";"Skizze: Ellipse auf der Bodenfläche, Spitze mittig oben|61 cm × 61 cm × 81 cm|31 cm sind schmaler als der Durchmesser 60 cm; 101 cm Höhe ist unnötig groß";"";"II";"Radius 30 statt Durchmesser 60 als Mindestbreite ansetzen (31 × 31 × 81)";"drei Leistungen in einer Einheit, Punkte ungeteilt; Begründung steht auf Seite 9"
"2024-OS-K4c";"2024";"OS";"Kontext";"4";"Kegel";"c";"9";"3";"ja";"ja";"";"Größen und Messen";"Volumen und Oberfläche";"Restvolumen berechnen";"Volumen Zylinder berechnen|Volumen Kegel berechnen";"Zylinder|Kegel|Restvolumen|Füllmaterial";"Formeln Zylinder- und Kegelvolumen";"Rechnung";"Ermitteln Sie";"Zahl";"keins";"keine";"Verpackung/Transport";"mittel";"Kegel r = 30 cm, h = 80 cm; zylinderförmige Verpackung innen r = 30,5 cm, h = 81 cm";"Restvolumen in cm³";"V_Zyl = π · 30,5² · 81 ≈ 236 720; V_Kegel = 1/3 · π · 30² · 80 ≈ 75 398; Differenz";"3";"dezimal";"cm|cm³";"";"≈ 161 322 cm³";"V_Zyl ≈ 236 719,8 cm³; V_Kegel ≈ 75 398,2 cm³";"II";"Faktor 1/3 beim Kegel vergessen oder Kegelvolumen mit r = 30,5 rechnen";""
"2024-OS-K5a";"2024";"OS";"Kontext";"5";"Hausarbeit";"a";"10";"1";"nein";"ja";"";"Daten und Zufall";"Wahrscheinlichkeit einstufig";"Wahrscheinlichkeit einstufig";"";"Laplace|Zettel ziehen|1/5";"";"Kurzantwort";"Geben Sie an";"Zahl";"Figur";"fünf Zettel als Schriftrollen mit den Aufschriften Müll rausbringen, Spülmaschine ausräumen, Staubsaugen, Einkaufen, Joker";"Familie/Losverfahren";"mittel";"fünf Zettel: Müll rausbringen, Spülmaschine ausräumen, Staubsaugen, Einkaufen, Joker; jedes der 5 Kinder zieht am Wochenanfang genau einen Zettel";"P(erstes Kind zieht Staubsaugen)";"ein günstiger von fünf Zetteln";"1";"Bruch";"";"";"1/5 = 20 %";"";"I";"Anzahl der Kinder statt der Zettel als Nenner (identisch 5, deshalb unauffällig)";""
"2024-OS-K5b";"2024";"OS";"Kontext";"5";"Hausarbeit";"b";"10";"3";"nein";"ja";"";"Daten und Zufall";"Wahrscheinlichkeit mehrstufig";"Baumdiagramm ergänzen";"Wahrscheinlichkeit zweistufig unabhängig";"Baumdiagramm|zwei Wochen|mit Zurücklegen|Pfadregel|Nachweis";"jede Woche neue Ziehung mit allen fünf Zetteln";"Eintragen|Rechnung";"Ergänzen Sie|Weisen Sie nach";"Zahl|Zahl";"Diagramm";"zweistufiges Baumdiagramm „1. Woche“ / „2. Woche“ mit Ästen kein Joker / Joker; vorgegeben 4/5 am Ast kein Joker → kein Joker; fünf leere Felder; Karokästchen auf Seite 11";"Familie/Losverfahren";"mittel";"fünf Zettel: Müll rausbringen, Spülmaschine ausräumen, Staubsaugen, Einkaufen, Joker; jedes der 5 Kinder zieht am Wochenanfang genau einen Zettel; Benjamin zieht jede Woche als Erster (jede Woche alle fünf Zettel); Behauptung: P(Joker in beiden Wochen) = 1/25";"fehlende Wahrscheinlichkeiten|Nachweis von 1/25";"1. Woche kein Joker 4/5, Joker 1/5; 2. Woche ebenso an beiden Ästen; Pfad Joker–Joker 1/5 · 1/5";"2";"Bruch";"";"";"1. Woche: kein Joker 4/5, Joker 1/5; 2. Woche an beiden Ästen: kein Joker 4/5, Joker 1/5|P(Joker, Joker) = 1/5 · 1/5 = 1/25";"";"II";"zweite Woche wie „ohne Zurücklegen“ mit 1/4 ansetzen";"zwei Leistungen in einer Einheit; Nachweis steht auf Seite 11"
"2024-OS-K5c";"2024";"OS";"Kontext";"5";"Hausarbeit";"c";"11";"2";"ja";"ja";"";"Daten und Zufall";"Wahrscheinlichkeit mehrstufig";"Wahrscheinlichkeit zweistufig ohne Zurücklegen";"";"ohne Zurücklegen|zweite Ziehung|Pfadregel|bedingt";"Nenner nach der ersten Ziehung anpassen";"Rechnung";"Ermitteln Sie";"Zahl";"keins";"keine";"Familie/Losverfahren";"kurz";"fünf Zettel: Müll rausbringen, Spülmaschine ausräumen, Staubsaugen, Einkaufen, Joker; jedes der 5 Kinder zieht am Wochenanfang genau einen Zettel; Benjamin zieht als Erster, Klara als Zweite (aus den verbleibenden vier Zetteln)";"P(Klara zieht in Woche 1 den Joker)";"Benjamin kein Joker 4/5, dann Klara Joker aus 4 Zetteln 1/4: 4/5 · 1/4";"2";"Bruch";"";"";"1/5";"4/5 · 1/4 = 4/20";"II";"1/4 als Ergebnis angeben (Benjamins Ziehung vergessen)";""
"2024-OS-K6a";"2024";"OS";"Kontext";"6";"Seilbahn";"a";"12";"2";"nein";"ja";"";"Größen und Messen";"Satz des Pythagoras";"Pythagoras Kathete";"";"Seilbahn|Höhenunterschied|Pythagoras|Kathete";"Wurzel ziehen";"Rechnung";"Berechnen Sie";"Zahl";"Skizze";"Skizze mit Bergen: A oben links auf einem Gipfel, F senkrecht unter A am Boden (rechter Winkel bei F), B rechts von F am Boden, FB = 255 m, Seil AB = 384 m; C rechts auf einem zweiten Gipfel, mit A und B verbunden; Winkel α bei A zwischen AB und AC, β1 bei B zwischen BF und BA, β2 bei B zwischen BA und BC; „Skizze nicht maßstabsgerecht“";"Seilbahn/Gelände";"mittel";"rechtwinkliges Dreieck AFB mit rechtem Winkel in F, FB = 255 m, AB = 384 m; FA ist der Höhenunterschied";"FA";"FA = √(384² − 255²)";"2";"ganz|Wurzel|dezimal";"m";"";"≈ 287,1 m";"FA² = 147 456 − 65 025 = 82 431";"I";"Quadrate addieren (461 m)";""
"2024-OS-K6b";"2024";"OS";"Kontext";"6";"Seilbahn";"b";"12";"2";"nein";"ja";"";"Größen und Messen";"Trigonometrie im rechtwinkligen Dreieck";"Winkel im rechtwinkligen Dreieck berechnen";"";"Kosinus|Steigungswinkel|Seilbahn";"Umkehrfunktion am Taschenrechner";"Rechnung";"Bestimmen Sie";"Zahl";"Skizze";"Skizze mit Bergen: A oben links auf einem Gipfel, F senkrecht unter A am Boden (rechter Winkel bei F), B rechts von F am Boden, FB = 255 m, Seil AB = 384 m; C rechts auf einem zweiten Gipfel, mit A und B verbunden; Winkel α bei A zwischen AB und AC, β1 bei B zwischen BF und BA, β2 bei B zwischen BA und BC; „Skizze nicht maßstabsgerecht“ (Skizze im Stamm auf Seite 12)";"Seilbahn/Gelände";"kurz";"rechtwinkliges Dreieck AFB mit rechtem Winkel in F, FB = 255 m, AB = 384 m; β1 bei B zwischen FB und BA";"β1";"cos β1 = 255 : 384; alternativ sin β1 = FA : 384 mit FA aus a)";"2";"ganz|dezimal";"m|Grad";"";"β1 ≈ 48,4°";"";"I";"sin statt cos (255 als Gegenkathete)";"über cos unabhängig von a); über sin oder tan abhängig von 2024-OS-K6a"
"2024-OS-K6c";"2024";"OS";"Kontext";"6";"Seilbahn";"c";"13";"2";"nein";"ja";"";"Gleichungen und Funktionen";"Zuordnungen proportional und antiproportional";"Zeit aus Weg und Geschwindigkeit berechnen";"Zeiteinheiten umrechnen";"Geschwindigkeit|Dauer|m/s|Minuten";"";"Rechnung";"Ermitteln Sie|Geben Sie an";"Zahl";"keins";"keine";"Seilbahn/Gelände";"kurz";"Strecke AB = 384 m; Durchschnittsgeschwindigkeit 3,2 m/s";"Fahrtdauer in Minuten";"t = 384 : 3,2 = 120 s = 2 min";"2";"dezimal";"m|m/s|s|min";"";"2 min";"120 s";"I";"120 als Minuten angeben oder 3,2 · 384 rechnen";""
"2024-OS-K6d";"2024";"OS";"Kontext";"6";"Seilbahn";"d";"13";"4";"ja";"ja";"";"Größen und Messen";"Sinussatz";"Sinussatz Seite berechnen";"";"Sinussatz|stumpfer Winkel|Winkelsumme|Seilbahn";"Winkelsumme im Dreieck|Gleichung umstellen";"Rechnung";"Berechnen Sie";"Zahl";"Skizze";"Skizze mit Bergen: A oben links auf einem Gipfel, F senkrecht unter A am Boden (rechter Winkel bei F), B rechts von F am Boden, FB = 255 m, Seil AB = 384 m; C rechts auf einem zweiten Gipfel, mit A und B verbunden; Winkel α bei A zwischen AB und AC, β1 bei B zwischen BF und BA, β2 bei B zwischen BA und BC; „Skizze nicht maßstabsgerecht“ (Skizze im Stamm auf Seite 12)";"Seilbahn/Gelände";"mittel";"Dreieck ABC mit AB = 384 m, α = 38° bei A, β2 = 108° bei B";"Strecke BC";"γ = 180° − 38° − 108° = 34°; BC : sin α = AB : sin γ, BC = 384 · sin 38° : sin 34°";"3";"ganz|dezimal";"m|Grad";"";"BC ≈ 422,8 m";"γ = 34°";"II";"BC dem Winkel β2 statt α gegenüberstellen oder γ vergessen";""
"2024-OS-K7a";"2024";"OS";"Kontext";"7";"Blumenstrauß";"a";"14";"2";"nein";"ja";"";"Gleichungen und Funktionen";"Lineare Gleichungssysteme";"Lineares Gleichungssystem aufstellen";"";"Gleichungssystem aufstellen|zwei Unbekannte|Preise";"";"Kurzantwort";"Stellen Sie auf";"Term";"keins";"keine (Foto Rose und Tulpe neben dem Text)";"Einkauf/Blumen";"mittel";"Geschäft A: Rose + Tulpe = 3,80 €; 6 Rosen + 5 Tulpen = 21,20 €; x Preis pro Rose, y Preis pro Tulpe";"Gleichungen I und II";"je Angabe eine Gleichung";"1";"dezimal";"€";"";"I. x + y = 3,80|II. 6x + 5y = 21,20";"";"I";"Anzahlen und Preise vertauschen (x + y = 21,20)";"Lösung (x = 2,20, y = 1,60) wird nicht verlangt"
"2024-OS-K7b";"2024";"OS";"Kontext";"7";"Blumenstrauß";"b";"14";"4";"ja";"ja";"";"Gleichungen und Funktionen";"Lineare Gleichungssysteme";"Gleichung im Sachzusammenhang deuten";"Lineares Gleichungssystem lösen";"Gleichung deuten|Gleichungssystem lösen|Einsetzungsverfahren|Rosen und Tulpen";"Einsetzungs- oder Additionsverfahren";"Kurzantwort|Rechnung";"Formulieren Sie|Ermitteln Sie";"Text|Zahl";"keins";"keine";"Einkauf/Blumen";"mittel";"Geschäft B: Rose 2,30 €, Tulpe 1,70 €; Filips System I. 2,30r + 1,70t = 26,90, II. r + t = 13 (r Rosen, t Tulpen)";"Satz zu Gleichung II|Lösung des Systems";"II: r = 13 − t in I einsetzen: 2,30(13 − t) + 1,70t = 26,90; 29,9 − 0,6t = 26,90; t = 5, r = 8";"4";"dezimal";"€";"";"Filip kauft insgesamt 13 Blumen (Rosen und Tulpen zusammen)|r = 8 Rosen, t = 5 Tulpen";"0,6t = 3";"II";"II als „13 € für Rose und Tulpe“ deuten; Rechenfehler beim Ausmultiplizieren";"zwei Leistungen in einer Einheit, Punkte ungeteilt"
"2023-OS-K2a";"2023";"OS";"Kontext";"2";"Trapez";"a";"4";"1";"nein";"ja";"";"Raum und Form";"Ebene Figuren und Winkel";"Winkel im Trapez berechnen";"";"Trapez|Nebenwinkel|Parallele|Winkel";"";"Kurzantwort";"Geben Sie an";"Zahl";"Figur";"symmetrisches Trapez, Grundseite unten 25,80 m, obere Seite 15,00 m, Höhe 8,00 m gestrichelt links eingezeichnet, Basiswinkel links und rechts je 56°, Winkel γ oben rechts; „Skizze nicht maßstabsgerecht“; Karokästchen";"ohne";"kurz";"Trapez mit parallelen Seiten 15,00 m (oben) und 25,80 m (unten), Höhe 8,00 m, beide Basiswinkel 56°";"Winkel γ oben rechts";"an parallelen Seiten ergänzen sich Basiswinkel und Winkel darüber zu 180°: 180° − 56°";"1";"ganz";"Grad";"";"γ = 124°";"";"I";"γ = 56° (Gegenwinkel wie im Parallelogramm) setzen";""
"2023-OS-K2b";"2023";"OS";"Kontext";"2";"Trapez";"b";"4";"2";"nein";"ja";"";"Größen und Messen";"Flächeninhalt und Umfang";"Flächeninhalt Trapez berechnen";"";"Trapez|Flächeninhalt|Mittellinie|Höhe";"Trapezformel aus der Formelsammlung";"Rechnung";"Berechnen Sie";"Zahl";"Figur";"symmetrisches Trapez, Grundseite unten 25,80 m, obere Seite 15,00 m, Höhe 8,00 m gestrichelt links eingezeichnet, Basiswinkel links und rechts je 56°, Winkel γ oben rechts; „Skizze nicht maßstabsgerecht“; Karokästchen";"ohne";"kurz";"Trapez mit parallelen Seiten 15,00 m (oben) und 25,80 m (unten), Höhe 8,00 m, beide Basiswinkel 56°";"Flächeninhalt";"A = (a + c) : 2 · h = (25,8 + 15) : 2 · 8";"2";"dezimal";"m|m²";"";"A = 163,2 m²";"Mittellinie 20,4 m";"I";"Grundseite mal Höhe ohne Mittelung";""
"2023-OS-K2c";"2023";"OS";"Kontext";"2";"Trapez";"c";"4";"3";"ja";"ja";"";"Größen und Messen";"Flächeninhalt und Umfang";"Umfang Trapez berechnen";"Seite im rechtwinkligen Dreieck berechnen";"Trapez|Umfang|Schenkel|Sinus|Pythagoras";"Schenkel über Trigonometrie oder Pythagoras aus Höhe und Überstand";"Rechnung";"Berechnen Sie";"Zahl";"Figur";"symmetrisches Trapez, Grundseite unten 25,80 m, obere Seite 15,00 m, Höhe 8,00 m gestrichelt links eingezeichnet, Basiswinkel links und rechts je 56°, Winkel γ oben rechts; „Skizze nicht maßstabsgerecht“; Karokästchen";"ohne";"kurz";"Trapez mit parallelen Seiten 15,00 m (oben) und 25,80 m (unten), Höhe 8,00 m, beide Basiswinkel 56°";"Umfang";"Schenkel s = 8 : sin 56° (oder Überstand (25,8 − 15) : 2 = 5,4 und s = √(5,4² + 8²)); U = 15 + 25,8 + 2s";"3";"dezimal";"m";"";"U ≈ 60,1 m";"s ≈ 9,65 m";"II";"Höhe 8 m als Schenkel nehmen (U = 56,8 m)";"beide Wege ergeben s ≈ 9,65 m; Winkel und Maße sind konsistent"
"2023-OS-K3a";"2023";"OS";"Kontext";"3";"Umzug";"a";"5";"2";"nein";"ja";"";"Gleichungen und Funktionen";"Funktionen allgemein";"Graph zu Tarif zuordnen";"";"Grundgebühr|Freikilometer|Graph|Tarif|qualitativ";"";"Kurzantwort";"Geben Sie an";"Text";"Diagramm";"vier kleine Koordinatensysteme A–D, Achsen „Kosten in €“ und „Fahrstrecke in km“ ohne Skala: A Gerade vom Ursprung steigend; B Gerade mit positivem Achsenabschnitt, flach steigend; C waagerecht ab Achsenabschnitt, dann knickt sie nach oben; D waagerecht ab Achsenabschnitt, dann fallend; Foto eines Transporters neben den Angeboten";"Umzug/Mietwagen";"mittel";"Angebot 1: 27 € Miete pro Tag, 350 km insgesamt frei, jeder weitere km 0,36 €; Angebot 2: einmalig 120 € für eine Woche, jeder km 0,09 €; Kosten für einen Tag; Diagramme A–D";"passendes Diagramm je Angebot";"Angebot 1: konstant 27 € bis 350 km, dann steigend → C; Angebot 2: Grundgebühr, dann gleichmäßig steigend → B";"0";"ganz";"€|km";"";"Angebot 1: C|Angebot 2: B";"";"II";"Angebot 2 mit A verwechseln (Grundgebühr übersehen)";""
"2023-OS-K3b";"2023";"OS";"Kontext";"3";"Umzug";"b";"5";"5";"ja";"ja";"";"Gleichungen und Funktionen";"Lineare Funktionen";"Tarife vergleichen";"Lineare Kostenfunktion aufstellen";"Gesamtkosten|Vergleich|Freikilometer|Gleichung|Tagesmiete";"Montag bis Freitag als 5 Tage zählen";"Rechnung|Kurzantwort|Rechnung";"Berechnen Sie|Entscheiden Sie|Stellen Sie auf";"Zahl|Text|Term";"keins";"keine";"Umzug/Mietwagen";"mittel";"Angebot 1: 27 € Miete pro Tag, 350 km insgesamt frei, jeder weitere km 0,36 €; Angebot 2: einmalig 120 € für eine Woche, jeder km 0,09 €; Mietdauer Montag bis Freitag (5 Tage); 470 km";"Gesamtkosten beider Angebote|günstigeres Angebot|Gleichung für Angebot 2 bei beliebiger km-Zahl und einer Woche";"Angebot 1: 5 · 27 + (470 − 350) · 0,36; Angebot 2: 120 + 470 · 0,09; Gleichung K(x) = 0,09x + 120";"4";"dezimal";"€|km";"";"Angebot 1: 178,20 €|Angebot 2: 162,30 €|Angebot 2 ist günstiger|K(x) = 0,09x + 120";"120 Mehrkilometer, 43,20 €";"II";"alle 470 km mit 0,36 € berechnen oder nur einen Tag Miete ansetzen";"drei Leistungen in einer Einheit, Punkte ungeteilt"
"2023-OS-K4a";"2023";"OS";"Kontext";"4";"Funktionen";"a";"6";"5";"nein";"ja";"";"Gleichungen und Funktionen";"Lineare Funktionen";"Gerade aus Gleichung zeichnen";"Schnittpunkt am Graphen ablesen|Eigenschaften eines Graphen beurteilen";"Gerade zeichnen|Schnittpunkt|Steigung|y-Achsenabschnitt|Aussagen";"";"Zeichnen|Kurzantwort|Ankreuzen";"Zeichnen Sie|Geben Sie an|Entscheiden Sie|Kreuzen Sie an";"Grafik|Zahl|Kreuz";"Koordinatensystem";"Koordinatensystem x von −5 bis 5, y von −4 bis 6, Gitter 1, Karokästchen; nach unten geöffnete Normalparabel p mit Scheitel (−1|6), Nullstellen etwa bei −3,4 und 1,4, y-Achsenabschnitt 5, beschriftet „p“";"ohne";"mittel";"Graph der Parabel p mit Scheitel (−1|6); Gerade f(x) = 4x − 2; drei Aussagen: Steigung von f ist negativ; Gerade und Parabel schneiden sich in zwei Punkten; f schneidet die y-Achse in (−2|0)";"Gerade f im Koordinatensystem|Koordinaten eines Schnittpunkts|wahr/falsch je Aussage";"f durch (0|−2) mit Steigung 4 zeichnen; Schnittpunkt am Bild ablesen; Aussagen prüfen (zweiter Schnittpunkt liegt außerhalb des Bildes bei (−7|−30))";"2";"ganz|negativ";"";"";"Gerade durch (0|−2) und (1|2)|S(1|2)|Aussage 1 falsch, Aussage 2 wahr, Aussage 3 falsch";"zweiter Schnittpunkt (−7|−30) außerhalb des Bildes";"II";"Aussage 2 als falsch werten, weil im Bild nur ein Schnittpunkt sichtbar ist; (−2|0) mit (0|−2) verwechseln";"drei Leistungen in einer Einheit, Punkte ungeteilt; die Gleichung von p steht erst bei Teilaufgabe c"
"2023-OS-K4b";"2023";"OS";"Kontext";"4";"Funktionen";"b";"7";"2";"ja";"ja";"";"Gleichungen und Funktionen";"Quadratische Funktionen";"Scheitelpunkt ablesen";"Scheitelpunktform aufstellen";"Scheitelpunkt|Scheitelpunktform|nach unten geöffnet|Normalparabel";"";"Kurzantwort|Kurzantwort";"Geben Sie an|Notieren Sie";"Zahl|Term";"Koordinatensystem";"Koordinatensystem x von −5 bis 5, y von −4 bis 6, Gitter 1, Karokästchen; nach unten geöffnete Normalparabel p mit Scheitel (−1|6), Nullstellen etwa bei −3,4 und 1,4, y-Achsenabschnitt 5, beschriftet „p“ (auf Seite 6)";"ohne";"kurz";"Graph der nach unten geöffneten Normalparabel p mit Scheitel (−1|6) auf Seite 6";"Koordinaten des Scheitelpunkts|Gleichung in Scheitelpunktform";"Scheitel ablesen; p(x) = −(x − d)² + e mit d = −1, e = 6";"1";"ganz|negativ";"";"";"S(−1|6)|p(x) = −(x + 1)² + 6";"";"II";"Minus vor der Klammer vergessen oder (x − 1)² schreiben";"zwei Leistungen in einer Einheit; Antwortfeld S(…|…) vorgegeben"
"2023-OS-K4c";"2023";"OS";"Kontext";"4";"Funktionen";"c";"7";"3";"ja";"ja";"";"Gleichungen und Funktionen";"Quadratische Funktionen";"Argument zu Funktionswert berechnen";"";"quadratische Gleichung|p-q-Formel|y-Wert gegeben|Parabel";"quadratische Gleichung lösen (p-q-Formel oder quadratische Ergänzung)";"Rechnung";"Bestimmen Sie";"Zahl";"keins";"keine";"ohne";"kurz";"p(x) = −x² − 2x + 5; y-Koordinate −10";"x-Koordinaten der Punkte mit y = −10";"−x² − 2x + 5 = −10, also x² + 2x − 15 = 0; p-q-Formel x = −1 ± √(1 + 15)";"3";"ganz|negativ";"";"";"x₁ = −5, x₂ = 3";"x² + 2x − 15 = 0";"II";"Vorzeichen beim Umstellen von −x² oder −10 falsch; nur eine Lösung angeben";"am Graphen nicht ablesbar (y-Achse endet bei −4), Rechnung nötig"
"2023-OS-K5a";"2023";"OS";"Kontext";"5";"Konservendose";"a";"8";"3";"nein";"ja";"";"Raum und Form";"Körper, Netze, Schrägbilder";"Mantelfläche Zylinder als Netz skizzieren";"";"Mantelfläche|Abwicklung|Umfang|Rechteck|Zylinder";"Kreisumfang berechnen";"Zeichnen|Rechnung";"Skizzieren Sie|Bestimmen Sie|Beschriften Sie";"Grafik|Zahl";"Körper";"Schrägbild eines stehenden Zylinders, ohne Maßbeschriftung; „Skizze nicht maßstabsgerecht“; Karokästchen; Antwortkasten „a ≈“ und „b =“";"Verpackung/Konservendose";"kurz";"zylinderförmige Dose, Radius 4 cm, Höhe 8 cm";"Skizze der Mantelfläche|Länge a|Breite b|Beschriftung";"Mantel ist ein Rechteck mit a = 2πr = 2 · π · 4 und b = h";"2";"dezimal";"cm";"";"Rechteck, a ≈ 25,1 cm, b = 8 cm";"";"II";"a = πr² (Fläche statt Umfang) oder a = 8 cm (Durchmesser)";"Antwortfeld „a ≈“ verlangt gerundeten Wert"
"2023-OS-K5b";"2023";"OS";"Kontext";"5";"Konservendose";"b";"8";"2";"nein";"ja";"";"Größen und Messen";"Volumen und Oberfläche";"Volumen Zylinder berechnen";"Behauptung prüfen";"Volumen|Zylinder|Milliliter|Nachweis";"1 cm³ = 1 ml (im Heft angegeben)";"Rechnung";"Weisen Sie nach";"Zahl";"Körper";"Schrägbild eines stehenden Zylinders, ohne Maßbeschriftung; „Skizze nicht maßstabsgerecht“; Karokästchen";"Verpackung/Konservendose";"kurz";"zylinderförmige Dose, Radius 4 cm, Höhe 8 cm; Herstellerangabe ca. 400 ml; Hinweis 1 cm³ = 1 ml";"Nachweis der Angabe";"V = π · r² · h = π · 16 · 8";"2";"dezimal";"cm³|ml";"";"V ≈ 402,1 cm³ ≈ 400 ml, Angabe richtig";"Grundfläche ≈ 50,3 cm²";"I";"Durchmesser statt Radius in die Formel";""
"2023-OS-K5c";"2023";"OS";"Kontext";"5";"Konservendose";"c";"9";"4";"ja";"ja";"";"Größen und Messen";"Flächeninhalt und Umfang";"Verschnitt in Prozent berechnen";"Kreisfläche berechnen|Prozentsatz berechnen|Behauptung prüfen";"Blechstreifen|Deckel|Abfall|Prozent|Anzahl";"Meter in Zentimeter umrechnen|Anzahl abrunden";"Rechnung";"Überprüfen Sie rechnerisch";"Zahl";"keins";"keine";"Produktion/Konservendose";"mittel";"Deckel r = 4 cm; Blechstreifen 8 cm breit, 1 m lang; so viele Deckel wie möglich; Abfall soll höchstens 25 % betragen";"Prüfung, ob die Abfallvorgabe eingehalten wird";"100 : 8 = 12,5 → 12 Deckel; Deckelfläche 12 · π · 16; Blech 8 · 100 = 800 cm²; Abfall (800 − 603,2) : 800";"4";"dezimal|Prozent";"cm|m|cm²";"";"12 Deckel, Abfall ≈ 196,8 cm² ≈ 24,6 % ≤ 25 %, Vorgabe erfüllt";"Deckelfläche ≈ 603,2 cm²";"III";"mit 12,5 Deckeln rechnen (Abfall 21,5 %) oder Abfall auf Deckelfläche statt Blechfläche beziehen";"mehrschrittige Modellierung, Anzahl muss abgerundet werden"
"2023-OS-K5d";"2023";"OS";"Kontext";"5";"Konservendose";"d";"9";"3";"ja";"ja";"";"Größen und Messen";"Volumen und Oberfläche";"Höhe eines Zylinders aus Volumen berechnen";"";"Zylinder|Höhe|Liter|Umstellen|Volumen";"1 l = 1000 cm³|Formel nach h umstellen";"Rechnung";"Ermitteln Sie";"Zahl";"keins";"keine";"Verpackung/Konservendose";"kurz";"Deckel r = 4 cm; Volumen der großen Dose 1 Liter";"Höhe der großen Dose";"h = V : (π r²) = 1000 : (π · 16)";"2";"dezimal";"cm|l|cm³";"";"h ≈ 19,9 cm";"Grundfläche ≈ 50,3 cm²";"II";"1 l als 100 cm³ oder Volumen nicht umrechnen";""
"2023-OS-K6a";"2023";"OS";"Kontext";"6";"Weltbevölkerung";"a";"10";"2";"nein";"ja";"";"Zahlen und Operationen";"Prozentrechnung";"Prozentsatz berechnen";"";"Prozentsatz|Anteil|Milliarden|Bevölkerung";"";"Rechnung";"Berechnen Sie";"Zahl";"Tabelle";"Tabelle mit vier Zeilen: Kinder (0 bis 14 Jahre) 1,95 Milliarden; Jugendliche (15 – 24 Jahre) 1,25 Milliarden; mittleres Alter (25 – 64 Jahre) 3,9 Milliarden; höheres Alter (ab 65 Jahre) 0,7 Milliarden; Karokästchen";"Bevölkerung/Statistik";"mittel";"Weltbevölkerung 2020: 7,8 Mrd.; Kinder (0–14) 1,95 Mrd.; Jugendliche (15–24) 1,25 Mrd.; mittleres Alter (25–64) 3,9 Mrd.; höheres Alter (ab 65) 0,7 Mrd.";"Anteil der Jugendlichen in Prozent";"1,25 : 7,8 · 100";"1";"dezimal|Prozent";"Mrd.|Prozent";"";"≈ 16,0 %";"";"I";"7,8 : 1,25 rechnen oder Jugendliche und Kinder zusammenzählen";""
"2023-OS-K6b";"2023";"OS";"Kontext";"6";"Weltbevölkerung";"b";"10";"2";"nein";"ja";"";"Zahlen und Operationen";"Prozentrechnung";"Anteilsaussage prüfen und korrigieren";"Behauptung prüfen";"jeder zweite|ein Drittel|Anteil|korrigieren";"Anteile als Bruch deuten";"Ankreuzen|Kurzantwort";"Kreuzen Sie an|Formulieren Sie";"Kreuz|Text";"Tabelle";"Tabelle mit vier Zeilen: Kinder (0 bis 14 Jahre) 1,95 Milliarden; Jugendliche (15 – 24 Jahre) 1,25 Milliarden; mittleres Alter (25 – 64 Jahre) 3,9 Milliarden; höheres Alter (ab 65 Jahre) 0,7 Milliarden; Karokästchen; Tabelle „Aussage | falsch | korrigierte Aussage“ mit zwei Zeilen und Ankreuzkästchen";"Bevölkerung/Statistik";"mittel";"Weltbevölkerung 2020: 7,8 Mrd.; Kinder (0–14) 1,95 Mrd.; Jugendliche (15–24) 1,25 Mrd.; mittleres Alter (25–64) 3,9 Mrd.; höheres Alter (ab 65) 0,7 Mrd.; Aussage 1: Jeder zweite Mensch war 2020 im mittleren Alter; Aussage 2: Ein Drittel der Weltbevölkerung waren 2020 Kinder; genau eine ist falsch";"falsche Aussage|korrigierte Aussage";"3,9 : 7,8 = 0,5 (jeder zweite, richtig); 1,95 : 7,8 = 0,25 (ein Viertel, nicht ein Drittel)";"2";"dezimal|Bruch";"Mrd.";"";"Aussage 2 falsch|Ein Viertel der Weltbevölkerung waren 2020 Kinder";"mittleres Alter 50 %, Kinder 25 %";"II";"1,95 · 3 = 5,85 mit 7,8 verwechseln und Aussage 2 für richtig halten";""
"2023-OS-K6c";"2023";"OS";"Kontext";"6";"Weltbevölkerung";"c";"11";"3";"nein";"ja";"";"Daten und Zufall";"Kenngrößen";"Spannweite berechnen";"";"Minimum|Maximum|Spannweite|Sprachen";"";"Kurzantwort|Rechnung";"Geben Sie an";"Zahl";"Tabelle";"Tabelle „Sprache | Anzahl der Menschen mit dieser Muttersprache (in Millionen)“ mit Arabisch 290, Chinesisch 1 300, Englisch 500, Hindi 525, Spanisch 389; Karokästchen";"Sprachen/Statistik";"mittel";"Muttersprachler in Millionen: Arabisch 290, Chinesisch 1 300, Englisch 500, Hindi 525, Spanisch 389";"Minimum|Maximum|Spannweite";"kleinsten und größten Wert ablesen, Differenz bilden";"1";"ganz";"Mio.";"";"Minimum 290 Mio. (Arabisch)|Maximum 1300 Mio. (Chinesisch)|Spannweite 1010 Mio.";"";"I";"Spannweite mit Mittelwert oder Median verwechseln";"drei Angaben, Punkte ungeteilt"
"2023-OS-K6d";"2023";"OS";"Kontext";"6";"Weltbevölkerung";"d";"11";"3";"nein";"ja";"";"Daten und Zufall";"Diagramme lesen und beurteilen";"Achsenskalierung aus Säule bestimmen";"Säulendiagramm ergänzen";"Säulendiagramm|Skala|Kästchen|Säule zuordnen|Säule einzeichnen";"Werte der Tabelle mit Säulenhöhen vergleichen";"Eintragen|Kurzantwort|Zeichnen";"Ergänzen Sie|Notieren Sie|Zeichnen Sie";"Zahl|Text|Grafik";"Diagramm";"Säulendiagramm auf Karogitter, y-Achse „Anzahl in Mio“ ohne Einteilung (14 Kästchen hoch), x-Achse „Sprache“; erste Säule „Spanisch“ etwa 7,8 Kästchen hoch, zweite Säule ohne Beschriftung (gestricheltes Feld darunter) etwa 10,5 Kästchen hoch, dritte Position „Arabisch“ ohne Säule; Säulen je zwei Kästchen breit mit einem Kästchen Abstand";"Sprachen/Statistik";"mittel";"Muttersprachler in Millionen: Arabisch 290, Chinesisch 1 300, Englisch 500, Hindi 525, Spanisch 389; Diagramm mit Säule Spanisch (≈ 7,8 Kästchen) und einer unbeschrifteten Säule (≈ 10,5 Kästchen); y-Achse ohne Einteilung";"Einteilung der y-Achse|Sprache der zweiten Säule|Säule für Arabisch";"389 Mio. auf ≈ 7,8 Kästchen → 1 Kästchen = 50 Mio., Achse in 50er- oder 100er-Schritten beschriften; zweite Säule 10,5 · 50 = 525 → Hindi; Arabisch 290 : 50 = 5,8 Kästchen";"3";"ganz|dezimal";"Mio.";"";"1 Kästchen = 50 Mio. (z. B. 100, 200, … je zwei Kästchen)|Hindi|Säule Arabisch ≈ 5,8 Kästchen hoch";"Verhältnis der Säulen ≈ 1,35 entspricht 525 : 389";"II";"zweite Säule als Englisch (500) deuten; Achse mit 1 Kästchen = 100 Mio. skalieren";"drei Leistungen in einer Einheit, Punkte ungeteilt; Skala aus der Spanisch-Säule erschlossen, Kästchenhöhen am Bild bei 200 dpi geprüft"
"2023-OS-K7a";"2023";"OS";"Kontext";"7";"Dreiecke";"a";"12";"1";"nein";"ja";"";"Raum und Form";"Ebene Figuren und Winkel";"Gleichschenkliges Dreieck erkennen";"";"gleichschenklig|Basiswinkel|rechtwinklig|Begründung";"Winkelsumme im Dreieck";"Begründung";"Begründen Sie";"Text";"Figur";"Dreieck mit C links unten, A rechts, B oben; F auf der Seite CA, Höhe BF mit rechtem Winkel bei F; Winkel bei B in 65° (links, zu C) und 45° (rechts, zu A) geteilt; Winkel bei A 45°; Seite AB mit 131,5 cm beschriftet; Dreieck ABF schraffiert; „Skizze nicht maßstabgerecht“; Karokästchen";"ohne";"mittel";"Dreieck ABC mit F auf AC und BF ⊥ AC; AB = 131,5 cm; Winkel bei B: CBF = 65°, FBA = 45°; Winkel bei A 45°";"Begründung, dass ABF gleichschenklig ist";"in ABF sind die Winkel bei A und B je 45° (bzw. rechter Winkel bei F und 45° bei A ergibt 45° bei B); gleiche Basiswinkel, also BF = AF";"1";"ganz";"Grad";"";"Winkel bei A und bei B im Dreieck ABF sind je 45°, daher gleichschenklig mit Basis AB";"";"II";"nur auf die Schraffur oder das Aussehen verweisen statt auf die Winkel";""
"2023-OS-K7b";"2023";"OS";"Kontext";"7";"Dreiecke";"b";"12";"4";"nein";"ja";"";"Größen und Messen";"Trigonometrie im rechtwinkligen Dreieck";"Seite im rechtwinkligen Dreieck berechnen";"Behauptung prüfen";"Sinus|Kosinus|Höhe|Nachweis|zwei Teildreiecke";"rechte Winkel bei F in beiden Teildreiecken erkennen";"Rechnung|Rechnung";"Weisen Sie nach|Berechnen Sie";"Zahl|Zahl";"Figur";"Dreieck mit C links unten, A rechts, B oben; F auf der Seite CA, Höhe BF mit rechtem Winkel bei F; Winkel bei B in 65° (links, zu C) und 45° (rechts, zu A) geteilt; Winkel bei A 45°; Seite AB mit 131,5 cm beschriftet; Dreieck ABF schraffiert; „Skizze nicht maßstabgerecht“; Karokästchen";"ohne";"mittel";"Dreieck ABC mit F auf AC und BF ⊥ AC; AB = 131,5 cm; Winkel bei B: CBF = 65°, FBA = 45°; Winkel bei A 45°; Behauptung: BF und AF sind je ca. 93,0 cm lang";"Nachweis BF ≈ AF ≈ 93,0 cm|Länge BC";"in ABF: BF = 131,5 · sin 45°, AF = 131,5 · cos 45°; in CBF: BC = BF : cos 65° (oder Winkel bei C = 25°, BC = BF : sin 25°)";"3";"dezimal";"cm|Grad";"2023-OS-K7a";"BF = AF ≈ 93,0 cm|BC ≈ 220,0 cm";"cos 65° ≈ 0,4226";"II";"BC = BF : sin 65° oder Winkel 65° dem Punkt C zuordnen";"zwei Leistungen in einer Einheit, Punkte ungeteilt; zweite Leistung ist derselbe Typ im anderen Teildreieck"
"2022-OS-K2a";"2022";"OS";"Kontext";"2";"Becher";"a";"4";"3";"nein";"ja";"";"Raum und Form";"Körper, Netze, Schrägbilder";"Netz eines Zylinders erkennen";"Mantelfläche Zylinder als Netz skizzieren";"Netz|Zylinder ohne Deckel|Mantelfläche|Umfang|Auswahl";"Kreisumfang berechnen";"Ankreuzen|Rechnung";"Wählen Sie aus|Kreuzen Sie an|Ermitteln Sie";"Kreuz|Zahl";"Körper|Figur";"Schrägbild eines stehenden Zylinders ohne Deckel, grau; „Skizze nicht maßstabsgerecht“; Karokästchen; drei Netze zum Ankreuzen, je Rechteck mit einem Kreis: 1. Kreis rechts an der kurzen Seite; 2. Kreis mittig über der langen Seite, Rechteck etwa 3,6 Kreisdurchmesser lang; 3. Kreis am rechten Ende über der langen Seite, Rechteck etwa 3,1 Kreisdurchmesser lang";"Becher/Alltag";"mittel";"zylinderförmiger Becher ohne Deckel, h = 7 cm, r = 3,2 cm; drei Netze (Rechteck mit einem Kreis)";"passendes Netz|Länge und Breite der Mantelfläche";"Kreis muss an der langen Seite liegen und die Rechtecklänge muss dem Umfang 2πr ≈ 3,14 Durchmesser entsprechen → drittes Netz; Länge 2 · π · 3,2, Breite = h";"2";"dezimal";"cm";"";"drittes Netz|Länge ≈ 20,1 cm, Breite 7 cm";"";"II";"zweites Netz wählen (Kreis an langer Seite reicht nicht, Rechteck zu lang); Länge = πr²";"zwei Leistungen in einer Einheit, Punkte ungeteilt; Netz 2 und 3 unterscheiden sich nur in den Proportionen, entschieden über Rechtecklänge ≈ π · Durchmesser bei 200 dpi"
"2022-OS-K2b";"2022";"OS";"Kontext";"2";"Becher";"b";"5";"2";"nein";"ja";"";"Größen und Messen";"Volumen und Oberfläche";"Volumen Zylinder berechnen";"Behauptung prüfen";"Volumen|Zylinder|Milliliter|Nachweis";"1 cm³ = 1 ml (im Heft angegeben)";"Rechnung";"Zeigen Sie";"Zahl";"Körper";"Schrägbild eines stehenden Zylinders ohne Deckel, grau; „Skizze nicht maßstabsgerecht“; Karokästchen (auf Seite 4)";"Becher/Alltag";"kurz";"zylinderförmiger Becher ohne Deckel, h = 7 cm, r = 3,2 cm; Behauptung: 200 ml passen hinein; Hinweis 1 cm³ = 1 ml";"Nachweis";"V = π · 3,2² · 7";"2";"dezimal";"cm³|ml";"";"V ≈ 225,2 cm³ > 200 ml, passt";"Grundfläche ≈ 32,2 cm²";"I";"Durchmesser statt Radius; 2πr · h als Volumen";""
"2022-OS-K2c";"2022";"OS";"Kontext";"2";"Becher";"c";"5";"3";"ja";"ja";"";"Größen und Messen";"Satz des Pythagoras";"Pythagoras Hypotenuse";"";"Stab|Diagonale im Zylinder|Durchmesser|Höhe|Überstand";"Durchmesser 2r als Kathete erkennen|Überstand addieren";"Rechnung";"Bestimmen Sie";"Zahl";"Körper|Skizze";"Becher im Schrägbild mit schräg stehendem Stab von der unteren linken Kante zur oberen rechten Kante, Stab ragt oben heraus; „Skizze nicht maßstabsgerecht“; Karokästchen";"Becher/Alltag";"mittel";"zylinderförmiger Becher ohne Deckel, h = 7 cm, r = 3,2 cm; Stab steht diagonal von der Bodenkante zur gegenüberliegenden oberen Kante, 2 cm ragen heraus";"Länge des Stabs";"Diagonale im Rechteck 7 cm × 6,4 cm: √(7² + 6,4²); plus 2 cm";"3";"dezimal";"cm";"";"≈ 11,5 cm";"Diagonale ≈ 9,5 cm";"II";"Radius statt Durchmesser als Kathete (≈ 9,7 cm); die 2 cm vergessen";""
"2022-OS-K2d";"2022";"OS";"Kontext";"2";"Becher";"d";"5";"3";"ja";"ja";"";"Größen und Messen";"Volumen und Oberfläche";"Radius eines Zylinders aus Volumen berechnen";"";"Zylinder|Radius|Umstellen|Wurzel|Volumen";"Formel nach r umstellen|Wurzel ziehen";"Rechnung";"Berechnen Sie";"Zahl";"keins";"keine";"Becher/Alltag";"kurz";"größerer Becher mit V = 425 ml, h = 7 cm";"Radius";"r = √(V : (π · h)) = √(425 : (π · 7))";"3";"dezimal|Wurzel";"cm|ml|cm³";"";"r ≈ 4,40 cm";"r² ≈ 19,33";"II";"Wurzel vergessen (r = 19,3) oder durch 2π · h teilen";""
"2022-OS-K3a";"2022";"OS";"Kontext";"3";"Funktionen";"a";"6";"3";"nein";"ja";"";"Gleichungen und Funktionen";"Lineare Funktionen";"Gerade aus Gleichung zeichnen";"Nullstelle lineare Funktion berechnen";"Gerade zeichnen|negative Steigung|Nullstelle|y-Achsenabschnitt";"";"Zeichnen|Kurzantwort";"Zeichnen Sie|Geben Sie an";"Grafik|Zahl";"Koordinatensystem";"Koordinatensystem x von −4 bis 5, y von −4 bis 7, Gitter 1, Karokästchen, ohne Graphen";"ohne";"kurz";"f(x) = −2x + 3; leeres Koordinatensystem";"Graph von f|Nullstelle";"durch (0|3) mit Steigung −2; 0 = −2x + 3";"2";"ganz|dezimal|negativ";"";"";"Gerade durch (0|3) und (1|1)|x = 1,5";"";"I";"Steigung +2 zeichnen; Nullstelle als y-Achsenabschnitt 3 angeben";"zwei Leistungen in einer Einheit, Punkte ungeteilt"
"2022-OS-K3b";"2022";"OS";"Kontext";"3";"Funktionen";"b";"7";"1";"nein";"ja";"";"Gleichungen und Funktionen";"Quadratische Funktionen";"Scheitelpunkt ablesen";"";"Scheitelpunktform|Scheitelpunkt|verschobene Normalparabel";"";"Kurzantwort";"Geben Sie an";"Zahl";"keins";"keine";"ohne";"kurz";"p(x) = (x − 2)² − 4";"Koordinaten des Scheitelpunkts";"aus der Scheitelpunktform ablesen";"0";"ganz|negativ";"";"";"S(2|−4)";"";"I";"S(−2|−4) (Vorzeichen von d)";""
"2022-OS-K3c";"2022";"OS";"Kontext";"3";"Funktionen";"c";"7";"4";"ja";"ja";"";"Gleichungen und Funktionen";"Quadratische Funktionen";"Schnittpunkte Gerade und Parabel berechnen";"";"Gleichsetzen|quadratische Gleichung|p-q-Formel|Schnittpunkte";"binomische Formel auflösen|quadratische Gleichung lösen";"Rechnung";"Ermitteln Sie";"Zahl";"keins";"keine";"ohne";"kurz";"f(x) = −2x + 3; p(x) = (x − 2)² − 4";"Koordinaten der Schnittpunkte";"(x − 2)² − 4 = −2x + 3 → x² − 2x − 3 = 0; p-q-Formel x = 1 ± 2; y-Werte über f";"4";"ganz|negativ";"";"";"S₁(−1|5), S₂(3|−3)";"x² − 2x − 3 = 0";"II";"(x − 2)² = x² − 4 setzen; y-Koordinaten vergessen";""
"2022-OS-K4a";"2022";"OS";"Kontext";"4";"Bücher";"a";"8";"3";"nein";"ja";"";"Daten und Zufall";"Kenngrößen";"Minimum und Maximum ablesen";"Arithmetisches Mittel berechnen";"Minimum|Maximum|Mittelwert|Säulendiagramm";"";"Kurzantwort|Rechnung";"Geben Sie an|Bestimmen Sie";"Zahl|Zahl";"Diagramm";"Säulendiagramm „Bücher lesen von 2017 bis 2021 – mehrmals pro Woche –“, y-Achse „Anzahl der Jugendlichen“ von 390 bis 500 in 10er-Schritten, x-Achse „Jahr“ 2017–2021, graue Säulen mit Werten 468, 432, 485, 470, 400 über den Säulen; Karokästchen";"Lesen/Umfrage";"mittel";"jährlich 1 200 befragte Jugendliche; mehrmals pro Woche lesen 2017: 468, 2018: 432, 2019: 485, 2020: 470, 2021: 400";"Minimum und Maximum|arithmetisches Mittel";"kleinste und größte Säule ablesen; (468 + 432 + 485 + 470 + 400) : 5";"2";"ganz";"";"";"Minimum 400 (2021), Maximum 485 (2019)|Mittel 451";"Summe 2 255";"I";"Mittel aus Minimum und Maximum bilden (442,5)";"zwei Leistungen in einer Einheit, Punkte ungeteilt"
"2022-OS-K4b";"2022";"OS";"Kontext";"4";"Bücher";"b";"8";"2";"nein";"ja";"";"Zahlen und Operationen";"Prozentrechnung";"Prozentuale Veränderung berechnen";"";"Abnahme|Prozent|Ausgangswert|2020 bis 2021";"";"Rechnung";"Ermitteln Sie";"Zahl";"Diagramm";"Säulendiagramm „Bücher lesen von 2017 bis 2021 – mehrmals pro Woche –“, y-Achse „Anzahl der Jugendlichen“ von 390 bis 500 in 10er-Schritten, x-Achse „Jahr“ 2017–2021, graue Säulen mit Werten 468, 432, 485, 470, 400 über den Säulen; Karokästchen";"Lesen/Umfrage";"kurz";"2020: 470, 2021: 400";"Abnahme in Prozent";"(470 − 400) : 470 · 100";"2";"ganz|Prozent";"Prozent";"";"≈ 14,9 %";"Differenz 70";"I";"70 : 400 rechnen (17,5 %) oder 70 als Prozentwert von 1 200 nehmen";""
"2022-OS-K4c";"2022";"OS";"Kontext";"4";"Bücher";"c";"9";"2";"nein";"ja";"";"Daten und Zufall";"Diagramme lesen und beurteilen";"Aussage zu Diagramm prüfen";"Behauptung prüfen";"Behauptung|Trend|Hälfte|Diagramm lesen|Begründung";"";"Begründung";"Entscheiden Sie|Begründen Sie";"Text";"Diagramm";"Säulendiagramm „Bücher lesen von 2017 bis 2021 – mehrmals pro Woche –“, y-Achse „Anzahl der Jugendlichen“ von 390 bis 500 in 10er-Schritten, x-Achse „Jahr“ 2017–2021, graue Säulen mit Werten 468, 432, 485, 470, 400 über den Säulen; Karokästchen (auf Seite 8)";"Lesen/Umfrage";"mittel";"jährlich 1 200 befragte Jugendliche; mehrmals pro Woche lesen 2017: 468, 2018: 432, 2019: 485, 2020: 470, 2021: 400; Behauptung: „Von Jahr zu Jahr lesen immer weniger Jugendliche Bücher. Von 2018 bis 2021 hat sich die Anzahl um mehr als die Hälfte reduziert.“";"Entscheidung mit Begründung";"2019 ist die Zahl gestiegen; 432 → 400 ist eine Abnahme um 32, das ist weit unter der Hälfte";"1";"ganz";"";"";"Aussage falsch: 2018 → 2019 Anstieg von 432 auf 485; von 2018 bis 2021 nur Rückgang um 32 (7,4 %)";"";"II";"nur den ersten Teil prüfen oder „Hälfte“ auf 1 200 Befragte beziehen";"zwei Teilbehauptungen, beide falsch"
"2022-OS-K4d";"2022";"OS";"Kontext";"4";"Bücher";"d";"9";"3";"nein";"ja";"";"Daten und Zufall";"Daten darstellen";"Sektor im Kreisdiagramm zuordnen";"Mittelpunktswinkel berechnen";"Kreisdiagramm|beschriften|Mittelpunktswinkel|Prozent|Comics";"Sektorgrößen mit Prozentwerten vergleichen";"Eintragen|Rechnung";"Beschriften Sie|Berechnen Sie";"Grafik|Zahl";"Tabelle|Diagramm";"Tabelle: mehrmals pro Woche 39 %, einmal pro Woche 18 %, einmal im Monat 27 %, nie 16 %; Kreisdiagramm mit vier Sektoren, im Uhrzeigersinn ab 12 Uhr: schmal (≈ 58°, beschriftet „nie“), rechts (≈ 65°), unten (≈ 97°), links groß (≈ 140°); drei leere Beschriftungslinien rechts, unten, links; Karokästchen";"Lesen/Umfrage";"mittel";"750 Befragte; mehrmals pro Woche 39 %, einmal pro Woche 18 %, einmal im Monat 27 %, nie 16 %; Kreisdiagramm mit vier Sektoren, nur „nie“ beschriftet";"drei Sektoren beschriften|Mittelpunktswinkel für „nie“";"Sektoren nach Größe zuordnen: rechts 18 %, unten 27 %, links 39 %; Winkel = 0,16 · 360°";"2";"Prozent|dezimal";"Prozent|Grad";"";"rechts „einmal pro Woche“, unten „einmal im Monat“, links „mehrmals pro Woche“|57,6°";"";"II";"Winkel = 16° oder 16 % von 750 (120) statt von 360°";"zwei Leistungen in einer Einheit, Punkte ungeteilt; die 750 Befragten werden nicht gebraucht"
"2022-OS-K5a";"2022";"OS";"Kontext";"5";"Dreiecke";"a";"10";"2";"nein";"ja";"";"Größen und Messen";"Satz des Pythagoras";"Pythagoras Kathete";"Behauptung prüfen";"Pythagoras|Höhe|Teildreieck|Nachweis";"rechtwinkliges Teildreieck ADC erkennen";"Rechnung";"Weisen Sie nach";"Zahl";"Figur";"stumpfes Dreieck ABC, A links, B rechts, C oben; Höhe hc gestrichelt von C auf D (auf AB) mit rechtem Winkel; b = 14,1 m an AC, a an BC, α bei A, 52° bei B, γ₁ bei C zwischen AC und hc; „Skizze nicht maßstabsgerecht“; Karokästchen";"ohne";"mittel";"Dreieck ABC, nicht rechtwinklig; Höhe hc ≈ 7,4 m mit Fußpunkt D auf AB; b = 14,1 m; β = 52°; Behauptung AD ≈ 12,0 m";"Nachweis";"AD = √(14,1² − 7,4²)";"2";"dezimal";"m";"";"AD ≈ 12,0 m";"198,81 − 54,76 = 144,05";"I";"Quadrate addieren (Hypotenuse statt Kathete)";""
"2022-OS-K5b";"2022";"OS";"Kontext";"5";"Dreiecke";"b";"10";"2";"nein";"ja";"";"Größen und Messen";"Trigonometrie im rechtwinkligen Dreieck";"Winkel im rechtwinkligen Dreieck berechnen";"";"Sinus|Winkel|Höhe|Teildreieck";"";"Rechnung";"Berechnen Sie";"Zahl";"Figur";"stumpfes Dreieck ABC, A links, B rechts, C oben; Höhe hc gestrichelt von C auf D (auf AB) mit rechtem Winkel; b = 14,1 m an AC, a an BC, α bei A, 52° bei B, γ₁ bei C zwischen AC und hc; „Skizze nicht maßstabsgerecht“; Karokästchen";"ohne";"kurz";"Dreieck ABC, nicht rechtwinklig; Höhe hc ≈ 7,4 m mit Fußpunkt D auf AB; b = 14,1 m; β = 52°";"Winkel α";"sin α = 7,4 : 14,1 (oder cos α = 12 : 14,1)";"2";"dezimal";"m|Grad";"";"α ≈ 31,7°";"sin α ≈ 0,525";"I";"tan statt sin oder Verhältnis umgekehrt";""
"2022-OS-K5c";"2022";"OS";"Kontext";"5";"Dreiecke";"c";"10";"2";"nein";"ja";"";"Raum und Form";"Ebene Figuren und Winkel";"Winkelsumme im Dreieck anwenden";"";"Winkelsumme|Teilwinkel|rechter Winkel|Höhe";"";"Rechnung";"Ermitteln Sie";"Zahl";"Figur";"stumpfes Dreieck ABC, A links, B rechts, C oben; Höhe hc gestrichelt von C auf D (auf AB) mit rechtem Winkel; b = 14,1 m an AC, a an BC, α bei A, 52° bei B, γ₁ bei C zwischen AC und hc; „Skizze nicht maßstabsgerecht“; Karokästchen";"ohne";"kurz";"Dreieck ABC, nicht rechtwinklig; Höhe hc ≈ 7,4 m mit Fußpunkt D auf AB; b = 14,1 m; β = 52°; γ₁ liegt im Teildreieck ADC zwischen AC und hc";"Winkel γ₁";"γ₁ = 180° − 90° − α";"1";"dezimal";"Grad";"2022-OS-K5b";"γ₁ ≈ 58,3°";"";"I";"γ₁ als ganzen Winkel γ des Dreiecks ABC rechnen (180° − α − 52°)";""
"2022-OS-K5d";"2022";"OS";"Kontext";"5";"Dreiecke";"d";"11";"2";"nein";"ja";"";"Größen und Messen";"Trigonometrie im rechtwinkligen Dreieck";"Seite im rechtwinkligen Dreieck berechnen";"";"Sinus|Seite|Höhe|Teildreieck BDC";"rechtwinkliges Teildreieck BDC erkennen";"Rechnung";"Berechnen Sie";"Zahl";"Figur";"stumpfes Dreieck ABC, A links, B rechts, C oben; Höhe hc gestrichelt von C auf D (auf AB) mit rechtem Winkel; b = 14,1 m an AC, a an BC, α bei A, 52° bei B, γ₁ bei C zwischen AC und hc; „Skizze nicht maßstabsgerecht“; Karokästchen";"ohne";"kurz";"Dreieck ABC, nicht rechtwinklig; Höhe hc ≈ 7,4 m mit Fußpunkt D auf AB; b = 14,1 m; β = 52°";"Seite a";"sin 52° = 7,4 : a, also a = 7,4 : sin 52°";"2";"dezimal";"m|Grad";"";"a ≈ 9,4 m";"sin 52° ≈ 0,788";"I";"a = 7,4 · sin 52°";""
"2022-OS-K5e";"2022";"OS";"Kontext";"5";"Dreiecke";"e";"11";"3";"ja";"ja";"";"Größen und Messen";"Flächeninhalt und Umfang";"Flächeninhalt Dreieck über Höhe berechnen";"Seite im rechtwinkligen Dreieck berechnen";"Flächeninhalt|Grundseite|Höhe|Tangens|Teilstrecken";"DB über Trigonometrie oder Pythagoras|Teilstrecken addieren";"Rechnung";"Ermitteln Sie";"Zahl";"Figur";"stumpfes Dreieck ABC, A links, B rechts, C oben; Höhe hc gestrichelt von C auf D (auf AB) mit rechtem Winkel; b = 14,1 m an AC, a an BC, α bei A, 52° bei B, γ₁ bei C zwischen AC und hc; „Skizze nicht maßstabsgerecht“; Karokästchen";"ohne";"kurz";"Dreieck ABC, nicht rechtwinklig; Höhe hc ≈ 7,4 m mit Fußpunkt D auf AB; b = 14,1 m; β = 52°; AD ≈ 12,0 m aus a)";"Flächeninhalt von ABC";"DB = 7,4 : tan 52°; c = AD + DB; A = c · hc : 2";"3";"dezimal";"m|m²";"2022-OS-K5a|2022-OS-K5d";"A ≈ 65,8 m²";"DB ≈ 5,8 m, c ≈ 17,8 m";"II";"A = AD · hc : 2 (nur Teildreieck) oder a als Höhe verwenden";"auch über ½ · a · b · sin γ möglich, im Heft nicht nahegelegt"
"2022-OS-K6a";"2022";"OS";"Kontext";"6";"Führerschein";"a";"12";"1";"nein";"ja";"";"Gleichungen und Funktionen";"Lineare Funktionen";"Endwert linearer Zunahme berechnen";"";"Sparen|Anfangsguthaben|monatlich|ein Jahr";"ein Jahr = 12 Monate";"Rechnung";"Berechnen Sie";"Zahl";"Tabelle";"zwei Kästen „Maxi“ (Anfangsguthaben 1 472 €, monatlich 22 €) und „Paula“ (Anfangsguthaben 990 €, monatlich 55 €); Foto Auto und Führerschein; Karokästchen";"Sparen/Führerschein";"mittel";"Maxi: Anfangsguthaben 1 472 €, monatlich 22 €; Paula: Anfangsguthaben 990 €, monatlich 55 €; Paula hat nach einem Jahr 1 650 €";"Maxis Guthaben nach einem Jahr";"1 472 + 12 · 22";"2";"ganz";"€";"";"1736 €";"12 · 22 = 264";"I";"1 472 + 22 rechnen (ein Monat)";"Paulas 1 650 € sind Kontrollhinweis (990 + 12 · 55)"
"2022-OS-K6b";"2022";"OS";"Kontext";"6";"Führerschein";"b";"12";"4";"ja";"ja";"";"Gleichungen und Funktionen";"Lineare Funktionen";"Lineare Kostenfunktion aufstellen";"Lineare Gleichung lösen";"Gleichung aufstellen|Sparen|Monate|Ungleichung|aufrunden";"Ergebnis auf ganze Monate aufrunden";"Rechnung|Rechnung";"Stellen Sie auf|Ermitteln Sie";"Term|Zahl";"Tabelle";"wie a)";"Sparen/Führerschein";"mittel";"Maxi: Anfangsguthaben 1 472 €, monatlich 22 €; Paula: Anfangsguthaben 990 €, monatlich 55 €; y Gesamtguthaben in €, x Anzahl der Monate; Ziel 2 000 €";"Gleichung für Paulas Guthaben|Mindestzahl der Sparmonate";"y = 55x + 990; 55x + 990 ≥ 2 000 → x ≥ 18,4";"3";"ganz|dezimal";"€|Monate";"";"y = 55x + 990|19 Monate";"x ≥ 18,36";"II";"auf 18 abrunden; Anfangsguthaben in der Gleichung vergessen";"zwei Leistungen in einer Einheit, Punkte ungeteilt; Typ heißt „Kostenfunktion“, hier Sparguthaben – Umbenennung im Bericht vorgeschlagen"
"2022-OS-K7a";"2022";"OS";"Kontext";"7";"Bäume";"a";"13";"2";"nein";"ja";"";"Gleichungen und Funktionen";"Lineare Gleichungssysteme";"Gleichung im Sachzusammenhang deuten";"";"Variablen|Bedeutung|Preis|Gleichungssystem";"";"Kurzantwort";"Geben Sie an";"Text";"keins";"Foto eines Apfelbaums; Karokästchen";"Garten/Einkauf";"mittel";"ein Apfelbaum und ein Pflaumenbaum zusammen 63,00 €; 9 Apfelbäume und 3 Pflaumenbäume 352,20 €; Gleichungen I x + y = 63, II 9x + 3y = 352,20";"Bedeutung von x und y";"Koeffizienten 9 und 3 mit den Stückzahlen abgleichen";"0";"dezimal";"€";"";"x: Preis eines Apfelbaums in €, y: Preis eines Pflaumenbaums in €";"";"I";"x und y als Anzahl der Bäume deuten";"Typ-Definition nennt „Gleichung als Satz formulieren“; hier Variablen benennen – Erweiterung der Definition im Bericht vorgeschlagen"
"2022-OS-K7b";"2022";"OS";"Kontext";"7";"Bäume";"b";"13";"3";"ja";"ja";"";"Gleichungen und Funktionen";"Lineare Gleichungssysteme";"Lineares Gleichungssystem lösen";"";"Gleichungssystem|Einsetzungsverfahren|Preis|zwei Unbekannte";"";"Rechnung";"Berechnen Sie";"Zahl";"keins";"keine";"Garten/Einkauf";"kurz";"ein Apfelbaum und ein Pflaumenbaum zusammen 63,00 €; 9 Apfelbäume und 3 Pflaumenbäume 352,20 €; Gleichungen I x + y = 63, II 9x + 3y = 352,20";"Preis eines Apfelbaums und eines Pflaumenbaums";"y = 63 − x in II: 9x + 189 − 3x = 352,20 → 6x = 163,20";"4";"dezimal";"€";"2022-OS-K7a";"Apfelbaum 27,20 €, Pflaumenbaum 35,80 €";"6x = 163,20";"II";"Ergebnisse vertauschen; Probe in II vergessen";""
"2021-OS-K2a";"2021";"OS";"Kontext";"2";"Funktionen";"a";"4";"2";"nein";"ja";"";"Gleichungen und Funktionen";"Lineare Funktionen";"Gerade aus Gleichung zeichnen";"";"lineare Funktion|Steigung|y-Achsenabschnitt|Steigungsdreieck";"";"Zeichnen";"Zeichnen Sie";"Grafik";"Koordinatensystem";"Koordinatensystem x von −4 bis 4, y von −4 bis 4, Gitter 0,5, Achsen bei ganzen Zahlen beschriftet, leer";"ohne";"kurz";"lineare Funktion f mit y = 3x + 1";"Graph von f";"y-Achsenabschnitt (0|1) eintragen, Steigungsdreieck 1 nach rechts, 3 nach oben";"1";"ganz";"";"";"Gerade durch (0|1) und (1|4)";"";"I";"Steigung und Achsenabschnitt vertauschen (durch (0|3))";""
"2021-OS-K2b";"2021";"OS";"Kontext";"2";"Funktionen";"b";"4";"2";"nein";"ja";"";"Gleichungen und Funktionen";"Lineare Funktionen";"Eigenschaften eines Graphen beurteilen";"Punktprobe durchführen";"Punktprobe|Monotonie|y-Achsenabschnitt|Ursprung";"";"Ankreuzen";"Entscheiden Sie|Kreuzen Sie an";"Kreuz";"Tabelle";"Tabelle mit vier Aussagen und je einem Ankreuzfeld rechts";"ohne";"mittel";"lineare Funktion f mit y = 3x + 1; vier Aussagen, genau zwei richtige ankreuzen: Q(5|0) liegt auf dem Graphen; Graph monoton steigend; Graph schneidet die y-Achse in P(0|1); Graph geht durch den Ursprung";"die beiden richtigen Aussagen";"f(5) = 16 ≠ 0; m = 3 > 0 steigend; n = 1 → P(0|1); f(0) = 1 ≠ 0";"2";"ganz";"";"";"Aussage 1 falsch|Aussage 2 wahr|Aussage 3 wahr|Aussage 4 falsch";"";"I";"Q(5|0) mit der Nullstelle verwechseln";""
"2021-OS-K2c";"2021";"OS";"Kontext";"2";"Funktionen";"c";"5";"4";"ja";"ja";"";"Gleichungen und Funktionen";"Quadratische Funktionen";"Schnittpunkte Gerade und Parabel berechnen";"";"Gleichsetzen|quadratische Gleichung|p-q-Formel|Schnittpunkte";"quadratische Gleichung lösen; Funktionswerte berechnen";"Rechnung";"Berechnen Sie";"Zahl";"keins";"keine";"ohne";"mittel";"Parabel y = x² + 2x − 1; Gerade y = 3x + 1";"Koordinaten der Schnittpunkte";"x² + 2x − 1 = 3x + 1 → x² − x − 2 = 0 → x = 2 oder x = −1; y aus der Geraden";"4";"negativ|ganz";"";"";"S1(−1|−2), S2(2|7)";"x² − x − 2 = 0; x1 = −1, x2 = 2";"II";"y-Werte vergessen; Vorzeichen beim Umstellen";""
"2021-OS-K3a";"2021";"OS";"Kontext";"3";"Viereck";"a";"6";"2";"nein";"ja";"";"Größen und Messen";"Trigonometrie im rechtwinkligen Dreieck";"Seite im rechtwinkligen Dreieck berechnen";"";"Sinus|Gegenkathete|Hypotenuse|Nachweis";"";"Rechnung";"Zeigen Sie";"Zahl";"Figur";"Viereck ABCD mit Diagonale BD: A rechts unten, B rechts oben senkrecht über A, D links von A, C weit links oben; rechter Winkel bei A markiert; Winkel 55° bei D zwischen DA und DB, 60° bei D zwischen DB und DC, 109° bei B zwischen BA und BC; BD mit 1500 m, DC mit 2004 m beschriftet; Skizze nicht maßstabsgerecht";"Vermessung";"mittel";"Viereck ABCD: rechter Winkel bei A; Diagonale BD = 1500 m; Winkel ADB = 55°, Winkel BDC = 60°; Winkel ABC = 109°; DC = 2004 m; zu zeigen: AB ≈ 1229 m";"Länge AB";"im rechtwinkligen Dreieck ABD: sin 55° = AB/1500, AB = 1500 · sin 55°";"2";"ganz|dezimal";"m";"";"AB = 1228,7 m ≈ 1229 m";"";"I";"cos statt sin (860 m); Taschenrechner in Bogenmaß";"Ergebnis im Heft vorgegeben (Nachweis); Werte nur aus der Skizze"
"2021-OS-K3b";"2021";"OS";"Kontext";"3";"Viereck";"b";"6";"2";"nein";"ja";"";"Größen und Messen";"Trigonometrie im rechtwinkligen Dreieck";"Seite im rechtwinkligen Dreieck berechnen";"";"Kosinus|Ankathete|Hypotenuse|Pythagoras";"";"Rechnung";"Berechnen Sie";"Zahl";"Figur";"Viereck ABCD mit Diagonale BD: A rechts unten, B rechts oben senkrecht über A, D links von A, C weit links oben; rechter Winkel bei A markiert; Winkel 55° bei D zwischen DA und DB, 60° bei D zwischen DB und DC, 109° bei B zwischen BA und BC; BD mit 1500 m, DC mit 2004 m beschriftet; Skizze nicht maßstabsgerecht";"Vermessung";"kurz";"Viereck ABCD: rechter Winkel bei A; Diagonale BD = 1500 m; Winkel ADB = 55°, Winkel BDC = 60°; Winkel ABC = 109°; DC = 2004 m; aus a): AB ≈ 1229 m";"Länge AD";"cos 55° = AD/1500, AD = 1500 · cos 55°; alternativ Pythagoras AD = √(1500² − 1229²)";"2";"ganz|dezimal";"m";"";"AD ≈ 860,4 m (Pythagoras mit 1229: 859,8 m)";"";"I";"sin statt cos; Pythagoras mit AB als Hypotenuse";"unabhängig von a) lösbar, daher nicht als abhängig eingetragen"
"2021-OS-K3c";"2021";"OS";"Kontext";"3";"Viereck";"c";"7";"3";"ja";"ja";"";"Größen und Messen";"Sinussatz";"Sinussatz Seite berechnen";"Winkelsumme im Dreieck anwenden|Behauptung prüfen";"Sinussatz|allgemeines Dreieck|Winkelsumme|Nebenwinkel|Aussage prüfen";"Teilwinkel aus Gesamtwinkel bestimmen";"Rechnung|Begründung";"Prüfen Sie|Entscheiden Sie";"Zahl|Text";"Figur";"Viereck ABCD mit Diagonale BD: A rechts unten, B rechts oben senkrecht über A, D links von A, C weit links oben; rechter Winkel bei A markiert; Winkel 55° bei D zwischen DA und DB, 60° bei D zwischen DB und DC, 109° bei B zwischen BA und BC; BD mit 1500 m, DC mit 2004 m beschriftet; Skizze nicht maßstabsgerecht";"Vermessung";"mittel";"Viereck ABCD: rechter Winkel bei A; Diagonale BD = 1500 m; Winkel ADB = 55°, Winkel BDC = 60°; Winkel ABC = 109°; DC = 2004 m; Aussage: BC ist genauso lang wie DC";"Länge BC|Entscheidung über die Aussage";"Winkel ABD = 180° − 90° − 55° = 35°, Winkel DBC = 109° − 35° = 74°, Winkel BCD = 180° − 60° − 74° = 46°; Sinussatz BC/sin 60° = DC/sin 74°";"4";"ganz|dezimal";"m|°";"";"BC ≈ 1805,5 m|Aussage falsch (DC = 2004 m)";"Winkel DBC = 74°, Winkel BCD = 46°";"III";"109° als Winkel DBC verwenden; Sinussatz mit falschem Gegenwinkel";"alternativ über BD: BC = 1500 · sin 60°/sin 46° = 1805,9 m"
"2021-OS-K4a";"2021";"OS";"Kontext";"4";"Regentonne";"a";"8";"2";"nein";"ja";"";"Größen und Messen";"Volumen und Oberfläche";"Volumen Zylinder berechnen";"";"Zylinder|Volumen|Liter|Einheiten umrechnen";"cm³ in dm³ umrechnen";"Rechnung";"Bestätigen Sie";"Zahl";"Skizze";"Foto/Skizze einer Regentonne (Zylinder mit zwei Reifen), Skizze nicht maßstabsgerecht";"Garten";"kurz";"zylinderförmige Regentonne, h = 95 cm, r = 29 cm; Herstellerangabe ca. 250 Liter; 1 l = 1 dm³";"Volumen der Tonne in Litern zur Bestätigung";"V = π · 29² · 95 = 250 998 cm³ ≈ 251 dm³";"2";"ganz|dezimal";"cm|cm³|dm³|l";"";"V ≈ 250 998 cm³ ≈ 251 l, Angabe bestätigt";"";"I";"cm³ in l falsch umrechnen (Faktor 100 statt 1000); Durchmesser statt Radius";""
"2021-OS-K4b";"2021";"OS";"Kontext";"4";"Regentonne";"b";"8";"2";"ja";"ja";"";"Größen und Messen";"Volumen und Oberfläche";"Volumenänderung bei doppeltem Radius begründen";"Behauptung prüfen";"Zylinder|Radius verdoppeln|Vervierfachung|quadratische Abhängigkeit";"Volumenformel Zylinder";"Begründung";"Entscheiden Sie|Begründen Sie";"Text";"Skizze";"Foto/Skizze einer Regentonne (Zylinder mit zwei Reifen), Skizze nicht maßstabsgerecht";"Garten";"mittel";"zylinderförmige Regentonne, h = 95 cm, r = 29 cm; Behauptung: bei doppeltem Radius passt genau doppelt so viel Wasser hinein";"Entscheidung mit Begründung";"V = π r² h, r geht quadratisch ein: (2r)² = 4r²; rechnerisch π · 58² · 95 ≈ 1004 l";"1";"ganz";"cm|l";"";"trifft nicht zu, das Volumen vervierfacht sich (ca. 1004 l statt 500 l)";"V(2r) ≈ 1 003 990 cm³";"II";"Verdopplung annehmen, weil r linear in der Formel „steht“";""
"2021-OS-K4c";"2021";"OS";"Kontext";"4";"Regentonne";"c";"9";"5";"ja";"ja";"";"Größen und Messen";"Maßstab";"Draufsicht maßstabsgerecht zeichnen";"Behauptung prüfen";"Maßstab|Draufsicht|Kreis und Rechteck|Durchmesser|Zeichnung beschriften";"Durchmesser aus Radius; Maßstab wählen und umrechnen; Kreis mit Zirkel";"Zeichnen|Kurzantwort|Begründung";"Fertigen Sie an|Beschriften Sie|Geben Sie an|Entscheiden Sie";"Grafik|Text";"keins";"Karoraster 28 × 31 Kästchen à 0,5 cm (14 cm × 15,5 cm) mit Feld „Maßstab: ___“ unten rechts; darunter ein kleineres Raster für die Entscheidung";"Garten";"lang";"zylinderförmige Regentonne, h = 95 cm, r = 29 cm; rechteckige Platte 55 cm × 80 cm soll die Tonne abdecken; Zeichenfeld 14 cm × 15,5 cm";"maßstabsgerechte Draufsicht mit Beschriftung|Maßstab|Entscheidung, ob die Platte die Tonne vollständig bedeckt";"Draufsicht = Kreis d = 58 cm und Rechteck 55 × 80; Maßstab so wählen, dass es ins Feld passt, z. B. 1 : 10 (Rechteck 5,5 cm × 8 cm, Kreis d = 5,8 cm); Kreis ragt an der 55-cm-Seite über";"3";"ganz|dezimal";"cm";"";"Zeichnung: Rechteck 5,5 cm × 8 cm und Kreis d = 5,8 cm (Maßstab 1 : 10), beschriftet|Maßstab 1 : 10 (oder anderer passender)|nein, der Durchmesser 58 cm ist größer als die Plattenbreite 55 cm";"d = 58 cm";"II";"Radius statt Durchmesser vergleichen (29 < 55 → ja); Maßstab 1 : 5 passt nicht ins Feld";"Punktaufteilung im Heft nicht angegeben; Skizze im Heft ist die Tonne aus dem Stamm"
"2021-OS-K5a";"2021";"OS";"Kontext";"5";"Hamburger Hafen";"a";"10";"5";"nein";"ja";"";"Daten und Zufall";"Kenngrößen";"Spannweite berechnen";"Arithmetisches Mittel berechnen|Prozentuale Veränderung berechnen";"Säulendiagramm|Spannweite|arithmetisches Mittel|prozentuale Zunahme";"Werte aus Diagramm ablesen";"Rechnung";"Berechnen Sie|Berechnen Sie";"Zahl";"Diagramm";"Säulendiagramm: x-Achse Jahre 2009 bis 2017, y-Achse „Anzahl der bewegten Container (in Millionen)“ von 0,0 bis 12,0 in Schritten von 2,0; Säulenwerte 7,0; 7,9; 9,0; 8,9; 9,3; 9,7; 8,8; 8,9; 8,8 über den Säulen beschriftet";"Hafen/Verkehr";"mittel";"bewegte Container in Mio. 2009–2017: 7,0; 7,9; 9,0; 8,9; 9,3; 9,7; 8,8; 8,9; 8,8";"Spannweite|arithmetisches Mittel|prozentuale Erhöhung 2010 → 2011";"9,7 − 7,0; Summe 78,3 : 9; (9,0 − 7,9)/7,9";"4";"dezimal|Prozent";"Mio.|%";"";"Spannweite 2,7 Mio.|Mittel 8,7 Mio.|Erhöhung ≈ 13,9 %";"Summe 78,3 Mio.; Differenz 1,1 Mio.";"I";"Spannweite als Jahresspanne (2017 − 2009 = 8); Prozent auf 9,0 statt auf 7,9 beziehen";"drei Leistungen in einer Einheit, zwei Rechenfelder; Punktaufteilung nicht angegeben"
"2021-OS-K5b";"2021";"OS";"Kontext";"5";"Hamburger Hafen";"b";"11";"2";"nein";"ja";"";"Daten und Zufall";"Diagramme lesen und beurteilen";"Fehlenden Prozentanteil ergänzen";"Sektor im Kreisdiagramm zuordnen";"Kreisdiagramm|Anteile|Prozent|Sektor beschriften";"Sektorgrößen nach Augenmaß vergleichen";"Eintragen|Eintragen";"Ergänzen Sie|Beschriften Sie";"Zahl|Text";"Tabelle|Diagramm";"Tabelle Güter: Schrott 17, Flüssigkeiten leer, Container 66, Getreide 6, Sonstiges 1, Gesamt 100 (Angaben in %); Kreisdiagramm mit fünf Sektoren, Beschriftungslinien ohne Text: im Uhrzeigersinn ab 12 Uhr ein kleiner gepunkteter Sektor (6 %), ein kleiner schraffierter (10 %), ein dunkler (17 %), ein sehr schmaler (1 %), dann der große hellgraue Rest (66 %)";"Hafen/Verkehr";"mittel";"Anteile in %: Schrott 17, Flüssigkeiten fehlt, Container 66, Getreide 6, Sonstiges 1, gesamt 100; Kreisdiagramm mit fünf unbeschrifteten Sektoren (6 %, 10 %, 17 %, 1 %, 66 % im Uhrzeigersinn ab 12 Uhr)";"Anteil Flüssigkeiten|Beschriftung der fünf Sektoren";"100 − 17 − 66 − 6 − 1; Sektoren nach Größe den Anteilen zuordnen";"1";"ganz|Prozent";"%";"";"Flüssigkeiten 10 %|im Uhrzeigersinn ab 12 Uhr: Getreide, Flüssigkeiten, Schrott, Sonstiges, Container";"";"I";"Sektoren 6 % und 10 % vertauschen";"Sektorgrößen am Bild geschätzt, Reihenfolge der Zuordnung daraus abgeleitet"
"2021-OS-K6a";"2021";"OS";"Kontext";"6";"Kerzen";"a";"12";"2";"nein";"ja";"";"Gleichungen und Funktionen";"Lineare Funktionen";"Endwert linearer Zunahme berechnen";"";"Wertetabelle|konstante Abnahme|lineare Funktion|Kerze";"";"Eintragen";"Ergänzen Sie";"Zahl";"Tabelle";"Tabelle zwei Zeilen: Zeit in Minuten 0, 10, 20, 30, 40, …, 80; Höhe der Kerze in cm leer, 38, 36, 34, 32, …, leer; rechts kleines Kerzenbild";"Alltag/Kerze";"kurz";"Kerze anfangs 40 cm hoch; Tabelle Zeit in min 0, 10, 20, 30, 40, …, 80 / Höhe in cm leer, 38, 36, 34, 32, …, leer";"Höhe bei 0 min und bei 80 min";"Abnahme 2 cm je 10 min; bei 0 min Anfangshöhe 40 cm; 40 − 8 · 2";"2";"ganz";"min|cm";"";"0 min: 40 cm|80 min: 24 cm";"";"I";"bei 80 min nur einen Schritt weiter (30 cm) rechnen";"Typ-Etikett nennt Zunahme, hier Abnahme; Umbenennung im Bericht vorgeschlagen"
"2021-OS-K6b";"2021";"OS";"Kontext";"6";"Kerzen";"b";"12";"3";"nein";"ja";"";"Gleichungen und Funktionen";"Lineare Funktionen";"Wertetabelle als Punkte darstellen";"Achseneinteilung wählen";"Koordinatensystem|Achseneinteilung|Wertetabelle|Graph zeichnen";"Skala passend zum Kästchenraster wählen";"Zeichnen";"Stellen Sie dar|Vervollständigen Sie";"Grafik";"Koordinatensystem";"Karoraster 0,5 cm mit eingezeichneten Achsen ohne Einteilung: y-Achse „Höhe in cm“, x-Achse „Zeit in Minuten“; rechts der y-Achse 24 Kästchen, über der x-Achse 22 Kästchen";"Alltag/Kerze";"kurz";"Kerze anfangs 40 cm hoch; Tabelle Zeit in min 0, 10, 20, 30, 40, …, 80 / Höhe in cm leer, 38, 36, 34, 32, …, leer; Achsen ohne Skala, 24 Kästchen nach rechts, 22 nach oben";"Achseneinteilung|Graph zu den Tabellenwerten";"Skala wählen, z. B. 1 Kästchen = 5 min (80 min = 16 Kästchen) und 1 Kästchen = 2 cm (40 cm = 20 Kästchen); Punkte eintragen und verbinden";"2";"ganz";"min|cm";"2021-OS-K6a";"fallende Strecke durch (0|40), (10|38), (20|36), (30|34), (40|32), (80|24) mit beschrifteter Skala";"";"II";"Skala so wählen, dass 80 min oder 40 cm nicht ins Raster passen; Achsen nicht beschriften";"Kästchen abgezählt (24 × 22 nutzbar), Skala daraus erschlossen"
"2021-OS-K6c";"2021";"OS";"Kontext";"6";"Kerzen";"c";"13";"3";"ja";"ja";"";"Gleichungen und Funktionen";"Lineare Funktionen";"Gleichung im Sachzusammenhang deuten";"";"Bedeutung der Parameter|Steigung|Anfangswert|Variablen benennen";"";"Kurzantwort";"Geben Sie an";"Text";"Tabelle";"Tabelle mit vier Zeilen y, −0,2, x, 40; bei −0,2 vorgegeben: „In einer Minute brennt die Kerze um 0,2 cm ab.“, übrige Felder leer";"Alltag/Kerze";"kurz";"Gleichung y = −0,2x + 40 beschreibt das Abbrennen einer 40 cm hohen Kerze; Bedeutung von −0,2 vorgegeben (Abnahme 0,2 cm je Minute)";"Bedeutung von y, x und 40";"Variablen und Achsenabschnitt dem Sachverhalt zuordnen";"0";"dezimal";"cm|min";"";"y: Höhe der Kerze in cm|x: Zeit in Minuten seit dem Anzünden|40: Anfangshöhe der Kerze in cm";"";"II";"x und y vertauschen; 40 als Brenndauer deuten";"Typ-Definition „Gleichung als Satz formulieren“; hier Bestandteile benennen, wie 2022-OS-K7a"
"2021-OS-K6d";"2021";"OS";"Kontext";"6";"Kerzen";"d";"13";"2";"nein";"ja";"";"Gleichungen und Funktionen";"Lineare Funktionen";"Nullstelle lineare Funktion berechnen";"";"Nullstelle|Gleichung lösen|Brenndauer|lineare Funktion";"lineare Gleichung lösen";"Rechnung";"Ermitteln Sie";"Zahl";"keins";"keine";"Alltag/Kerze";"kurz";"Gleichung y = −0,2x + 40 (y Höhe in cm, x Zeit in min)";"Zeit, bis die Kerze vollständig abgebrannt ist";"0 = −0,2x + 40 → x = 40 : 0,2";"2";"dezimal|ganz";"min";"";"200 min (3 h 20 min)";"";"I";"40 · 0,2 = 8 rechnen; Ergebnis aus der Tabelle fortsetzen und verzählen";"auch durch Fortsetzen der Tabelle lösbar"
"2021-OS-K7a";"2021";"OS";"Kontext";"7";"Gleichungen";"a";"14";"2";"nein";"ja";"";"Gleichungen und Funktionen";"Lineare Funktionen";"Gleichung zu Tarif zuordnen";"";"Grundgebühr|Preis je Einheit|Gleichung zuordnen|Einheiten Cent und Euro";"Cent in Euro umrechnen";"Eintragen";"Ordnen Sie zu|Verbinden Sie";"Grafik";"keins";"links zwei Textkästen (Fahrpreis, Fitnesscenter), rechts drei Gleichungskästen y = 20x + 5, y = 5x + 20, y = 0,20x + 5; zu verbinden mit Linien";"Taxi/Fitnessstudio";"mittel";"Sachverhalt 1: Fahrpreis 5 € Grundgebühr und 20 Cent je km; Sachverhalt 2: Monatspreis 20 € Grundgebühr und 5 € je Kurs; Gleichungen y = 20x + 5, y = 5x + 20, y = 0,20x + 5";"Zuordnung Sachverhalt → Gleichung";"Grundgebühr = Absolutglied, Preis je Einheit = Faktor vor x; 20 Cent = 0,20 €";"0";"dezimal|ganz";"€|Cent";"";"Fahrpreis → y = 0,20x + 5|Fitnesscenter → y = 5x + 20";"";"I";"20 Cent als 20 nehmen (y = 20x + 5); Faktor und Absolutglied vertauschen";"Format „Verbinden mit Linie“ als Eintragen/Grafik erfasst"
"2021-OS-K7b";"2021";"OS";"Kontext";"7";"Gleichungen";"b";"14";"4";"nein";"ja";"";"Gleichungen und Funktionen";"Lineare Gleichungssysteme";"Lineares Gleichungssystem aufstellen";"Lineares Gleichungssystem lösen";"Gleichungssystem|Eintrittspreise|zwei Unbekannte|Einsetzungsverfahren";"";"Rechnung";"Ermitteln Sie|Stellen Sie auf";"Term|Zahl";"keins";"keine";"Reise/Eintritt";"mittel";"Familie Beyer (2 Erwachsene, 2 Kinder) zahlt 77,80 €; Familie Gouvan (1 Erwachsener, 3 Kinder) zahlt 64,90 €";"zwei Gleichungen|Preis für Erwachsene und für Kinder";"I 2e + 2k = 77,80, II e + 3k = 64,90; e = 64,90 − 3k in I: 129,80 − 4k = 77,80 → k = 13";"5";"dezimal";"€";"";"I 2x + 2y = 77,80, II x + 3y = 64,90|Erwachsener 25,90 €, Kind 13,00 €";"4k = 52";"II";"Gleichungen mit vertauschten Anzahlen; Ergebnisse den Personen falsch zuordnen";"Punktaufteilung Aufstellen/Lösen im Heft nicht angegeben"
"2021-OS-K7c";"2021";"OS";"Kontext";"7";"Gleichungen";"c";"15";"3";"ja";"ja";"";"Gleichungen und Funktionen";"Quadratische Gleichungen";"Lösbarkeit quadratischer Gleichung beurteilen";"";"Anzahl der Lösungen|Wurzelziehen|keine Lösung|Scheitelpunktform";"Gleichung der Form (x + a)² = b durch Wurzelziehen lösen";"Ankreuzen|Kurzantwort";"Entscheiden Sie|Kreuzen Sie an|Geben Sie an";"Kreuz|Term";"Tabelle";"Tabelle mit zwei Aussagen und Spalten wahr/falsch; darunter Karoraster";"ohne";"mittel";"Aussage 1: (x + 7)² = 0 hat genau eine Lösung; Aussage 2: 4 und 12 sind Lösungen von (x + 8)² = 16; zusätzlich gesucht eine quadratische Gleichung ohne Lösung";"wahr/falsch je Aussage|eine quadratische Gleichung ohne Lösung";"(x + 7)² = 0 → x = −7 einzig; (x + 8)² = 16 → x + 8 = ±4 → x = −4 oder −12; ohne Lösung z. B. x² = −1";"3";"negativ|ganz";"";"";"Aussage 1 wahr|Aussage 2 falsch (Lösungen −4 und −12)|z. B. x² + 1 = 0";"";"III";"4 und 12 durch Vorzeichenfehler bestätigen; „keine Lösung“ mit x² = 0 verwechseln";""
"2020-OS-K2a";"2020";"OS";"Kontext";"2";"Schwimmbad";"a";"4";"1";"nein";"ja";"";"Daten und Zufall";"Daten darstellen";"Säulendiagramm ergänzen";"";"Balkendiagramm|Balken eintragen|Skala";"";"Zeichnen";"Ergänzen Sie";"Grafik";"Diagramm";"Balkendiagramm „Besucher im Schwimmbad“, waagerechte Balken je Wochentag Mo bis So von unten nach oben; x-Achse „Anzahl der Besucher“ 0 bis 300 in 50er-Schritten mit Hilfslinien alle 10; Balken Mo 170, Di 130, Mi 210, Do fehlt, Fr 190, Sa 240, So 280";"Freizeit/Schwimmbad";"kurz";"Besucher je Tag: Mo 170, Di 130, Mi 210, Do 180 (im Text), Fr 190, Sa 240, So 280; Balken für Do fehlt";"Balken für Donnerstag";"Balkenlänge 180 an der Skala abtragen";"0";"ganz";"";"";"waagerechter Balken bei Do bis 180";"";"I";"Balken bis 190 oder 170 (Hilfslinien alle 10 verzählen)";"Balken statt Säule, gleiche Fertigkeit; Umbenennung des Typs im Bericht vorgeschlagen"
"2020-OS-K2b";"2020";"OS";"Kontext";"2";"Schwimmbad";"b";"4";"1";"nein";"ja";"";"Daten und Zufall";"Diagramme lesen und beurteilen";"Werte im Diagramm nach Bedingung auswählen";"";"Balkendiagramm|ablesen|größer als|Bedingung";"";"Kurzantwort";"Notieren Sie";"Text";"Diagramm";"Balkendiagramm „Besucher im Schwimmbad“, waagerechte Balken je Wochentag Mo bis So von unten nach oben; x-Achse „Anzahl der Besucher“ 0 bis 300 in 50er-Schritten mit Hilfslinien alle 10; Balken Mo 170, Di 130, Mi 210, Do fehlt, Fr 190, Sa 240, So 280";"Freizeit/Schwimmbad";"kurz";"Besucher je Tag: Mo 170, Di 130, Mi 210, Do 180 (im Text), Fr 190, Sa 240, So 280";"Tage mit mehr als 190 Besuchern";"Balken mit der 190-Linie vergleichen; Fr = 190 zählt nicht";"0";"ganz";"";"";"Mittwoch, Samstag, Sonntag";"";"I";"Freitag (genau 190) mitzählen";""
"2020-OS-K2c";"2020";"OS";"Kontext";"2";"Schwimmbad";"c";"4";"2";"nein";"ja";"";"Daten und Zufall";"Kenngrößen";"Arithmetisches Mittel berechnen";"";"Durchschnitt|Mittelwert|Wochenwerte|Diagramm ablesen";"Werte aus Diagramm ablesen";"Rechnung";"Berechnen Sie";"Zahl";"Diagramm";"Balkendiagramm „Besucher im Schwimmbad“, waagerechte Balken je Wochentag Mo bis So von unten nach oben; x-Achse „Anzahl der Besucher“ 0 bis 300 in 50er-Schritten mit Hilfslinien alle 10; Balken Mo 170, Di 130, Mi 210, Do fehlt, Fr 190, Sa 240, So 280";"Freizeit/Schwimmbad";"kurz";"Besucher je Tag: Mo 170, Di 130, Mi 210, Do 180 (im Text), Fr 190, Sa 240, So 280";"durchschnittliche Besucherzahl je Tag";"(170 + 130 + 210 + 180 + 190 + 240 + 280) : 7 = 1400 : 7";"2";"ganz";"";"";"200 Besucher";"Summe 1400";"I";"durch 6 teilen (Do vergessen); Ablesefehler";""
"2020-OS-K2d";"2020";"OS";"Kontext";"2";"Schwimmbad";"d";"5";"2";"nein";"ja";"";"Daten und Zufall";"Kenngrößen";"Spannweite berechnen";"Prozentuale Veränderung berechnen|Behauptung prüfen";"Spannweite|ein Drittel mehr|Nachweis|Verhältnis";"";"Rechnung|Rechnung";"Weisen Sie nach";"Zahl|Zahl";"Tabelle|Diagramm";"Tabelle mit zwei Aussagen links und je einem Karofeld „Nachweis“ rechts; Daten aus dem Balkendiagramm auf S. 4";"Freizeit/Schwimmbad";"mittel";"Besucher je Tag: Mo 170, Di 130, Mi 210, Do 180 (im Text), Fr 190, Sa 240, So 280; Aussage 1: Spannweite 150; Aussage 2: am Sonntag ein Drittel mehr Besucher als am Mittwoch; beide Aussagen sind wahr";"rechnerischer Nachweis beider Aussagen";"280 − 130 = 150; 210 : 3 = 70, 210 + 70 = 280 (oder 280 : 210 = 4/3)";"3";"ganz|Bruch";"";"";"Spannweite 280 − 130 = 150|Mittwoch 210 + 70 = 280 = Sonntag";"ein Drittel von 210 = 70";"II";"Drittel von 280 statt von 210 nehmen; Spannweite als Maximum";"Ergebnisse vorgegeben (Nachweis)"
"2020-OS-K2e";"2020";"OS";"Kontext";"2";"Schwimmbad";"e";"5";"3";"ja";"ja";"";"Gleichungen und Funktionen";"Lineare Gleichungen";"Lineare Gleichung aus Sachverhalt aufstellen";"Lineare Gleichung lösen";"Gleichung aufstellen|Einnahmen|Preis mal Anzahl|Klammer";"";"Rechnung";"Stellen Sie auf|Ermitteln Sie";"Term|Zahl";"keins";"keine";"Freizeit/Schwimmbad";"mittel";"am Wochenende 520 Besucher; Tageskarte 12 € je Person; Behauptung: mit x Besuchern mehr wären es 7920 € Einnahmen gewesen";"Gleichung zum Sachverhalt|Anzahl x der fehlenden Besucher";"(520 + x) · 12 = 7920 → 520 + x = 660";"3";"ganz";"€";"";"12 · (520 + x) = 7920|x = 140";"7920 : 12 = 660";"II";"12 · 520 + x = 7920 (x nicht mit 12 multipliziert, x = 1680)";""
"2020-OS-K3a";"2020";"OS";"Kontext";"3";"Funktionen";"a";"6";"1";"nein";"ja";"";"Gleichungen und Funktionen";"Quadratische Funktionen";"Scheitelpunkt ablesen";"";"Scheitelpunkt|Scheitelpunktform|Parabel|ablesen";"";"Kurzantwort";"Geben Sie an";"Zahl";"Koordinatensystem";"Koordinatensystem x von −5 bis 7, y von −5 bis 5, Gitter 0,5, x-Achse bei ganzen Zahlen beschriftet, y-Achse bei 1 und −5; nach oben geöffnete Normalparabel f mit Scheitel (−2|−4), Nullstellen −4 und 0";"ohne";"kurz";"quadratische Funktion f mit y = (x + 2)² − 4, Graph im Koordinatensystem";"Koordinaten von S";"am Graphen ablesen oder aus y = (x − d)² + e: S(d|e)";"0";"negativ";"";"";"S(−2|−4)";"";"I";"S(2|−4) (Vorzeichen aus der Klammer)";""
"2020-OS-K3b";"2020";"OS";"Kontext";"3";"Funktionen";"b";"6";"1";"nein";"ja";"";"Gleichungen und Funktionen";"Quadratische Funktionen";"Punktprobe durchführen";"";"Punktprobe|Parabel|nicht auf dem Graphen|Dezimalkoordinaten";"";"Ankreuzen";"Kreuzen Sie an";"Kreuz";"Koordinatensystem";"Koordinatensystem x von −5 bis 7, y von −5 bis 5, Gitter 0,5, x-Achse bei ganzen Zahlen beschriftet, y-Achse bei 1 und −5; nach oben geöffnete Normalparabel f mit Scheitel (−2|−4), Nullstellen −4 und 0";"ohne";"kurz";"quadratische Funktion f mit y = (x + 2)² − 4, Graph im Koordinatensystem; Punkte A(−3|−3), B(0|0), C(−1|−3), D(−1,5|−2,5), E(−2|−4); genau einer liegt nicht auf dem Graphen";"Punkt, der nicht auf f liegt";"x einsetzen: f(−1,5) = 0,25 − 4 = −3,75 ≠ −2,5; die anderen stimmen";"2";"negativ|dezimal";"";"";"D(−1,5|−2,5)";"";"I";"D am Graphen für „ungefähr richtig“ halten";""
"2020-OS-K3c";"2020";"OS";"Kontext";"3";"Funktionen";"c";"7";"2";"nein";"ja";"";"Gleichungen und Funktionen";"Quadratische Funktionen";"Funktionswert berechnen";"";"Funktionswert|Einsetzen|Scheitelpunktform|Quadrat";"";"Rechnung";"Bestimmen Sie";"Zahl";"keins";"keine";"ohne";"kurz";"f mit y = (x + 2)² − 4; Punkt A(2|y) liegt auf f";"y-Koordinate von A";"(2 + 2)² − 4 = 16 − 4";"2";"ganz";"";"";"y = 12";"4² = 16";"I";"(2 + 2)² = 8 rechnen";""
"2020-OS-K3d";"2020";"OS";"Kontext";"3";"Funktionen";"d";"7";"3";"ja";"ja";"";"Gleichungen und Funktionen";"Quadratische Funktionen";"Parabel an der y-Achse spiegeln";"Scheitelpunktform aufstellen";"Spiegelung|y-Achse|Scheitelpunktform|Parabel skizzieren";"Scheitelpunktform lesen und schreiben";"Zeichnen|Kurzantwort";"Skizzieren Sie|Geben Sie an";"Grafik|Term";"Koordinatensystem";"Koordinatensystem x von −5 bis 7, y von −5 bis 5, Gitter 0,5, x-Achse bei ganzen Zahlen beschriftet, y-Achse bei 1 und −5; nach oben geöffnete Normalparabel f mit Scheitel (−2|−4), Nullstellen −4 und 0";"ohne";"kurz";"quadratische Funktion f mit y = (x + 2)² − 4, Graph im Koordinatensystem; Parabel p ist Spiegelbild von f an der y-Achse; Koordinatensystem reicht bis x = 7";"Skizze von p|Gleichung von p";"Scheitel (−2|−4) wird zu (2|−4), Öffnung bleibt; y = (x − 2)² − 4";"1";"negativ";"";"";"Normalparabel mit Scheitel (2|−4), Nullstellen 0 und 4|y = (x − 2)² − 4";"";"II";"an der x-Achse spiegeln (nach unten geöffnet); Vorzeichen in der Klammer beibehalten";""
"2020-OS-K3e";"2020";"OS";"Kontext";"3";"Funktionen";"e";"7";"3";"ja";"ja";"";"Gleichungen und Funktionen";"Quadratische Funktionen";"Nullstellen quadratische Funktion berechnen";"";"Nullstellen|p-q-Formel|Normieren|quadratische Gleichung";"Gleichung durch Leitkoeffizient teilen";"Rechnung";"Berechnen Sie";"Zahl";"keins";"keine";"ohne";"kurz";"Funktion y = 2x² + 8x + 6";"Nullstellen";"0 = 2x² + 8x + 6 → x² + 4x + 3 = 0 → p-q-Formel oder Faktorisieren (x + 1)(x + 3)";"3";"negativ|ganz";"";"";"x1 = −1, x2 = −3";"x² + 4x + 3 = 0";"II";"p-q-Formel ohne Normieren; Vorzeichen der Lösungen";""
"2020-OS-K4a";"2020";"OS";"Kontext";"4";"Wasserverbrauch";"a";"8";"2";"nein";"ja";"";"Gleichungen und Funktionen";"Exponentialfunktionen und Wachstum";"Wachstumstabelle ergänzen";"";"exponentielles Wachstum|3 % pro Jahr|Wachstumsfaktor|Tabelle";"";"Eintragen";"Ergänzen Sie";"Zahl";"Tabelle";"Tabelle Jahr 2019, 2020, 2021, 2022; Wasserverbrauch pro Person in Tausend Litern leer, 55,6, 57,3, leer; darüber Textkasten mit Wasserhahn-Bild";"Umwelt/Wasser";"mittel";"Wasserverbrauch pro Person 2019: 54 Tausend Liter; Steigerung 3 % pro Jahr; Tabelle 2019 leer, 2020 55,6, 2021 57,3, 2022 leer";"Werte für 2019 und 2022";"2019 = Startwert 54; 2022 = 57,3 · 1,03";"1";"dezimal|Prozent";"Tausend Liter";"";"2019: 54|2022: 59,0";"";"I";"2022 = 57,3 + 1,7 (absolut statt prozentual); 2019 als 54 · 1,03";""
"2020-OS-K4b";"2020";"OS";"Kontext";"4";"Wasserverbrauch";"b";"8";"3";"nein";"ja";"";"Gleichungen und Funktionen";"Exponentialfunktionen und Wachstum";"Verdopplungszeit am Graphen ablesen";"";"Verdopplung|Graph ablesen|Vorgehen beschreiben|exponentielles Wachstum";"";"Kurzantwort|Begründung";"Ermitteln Sie|Beschreiben Sie";"Zahl|Text";"Koordinatensystem";"Koordinatensystem: x-Achse „Zeit (ab 2019) in Jahren“ 0 bis 30 in 10er-Schritten, Gitter 2; y-Achse „Jährlicher Wasserverbrauch pro Person in Tausend Litern“ 0 bis 120 in 10er-Schritten, Gitter 5; exponentiell steigender Graph von (0|54) bis etwa (30|130)";"Umwelt/Wasser";"mittel";"Wasserverbrauch pro Person 2019: 54 Tausend Liter; Steigerung 3 % pro Jahr; Graph des Verbrauchs von Jahr 0 (2019) bis 30, Startwert 54";"Anzahl der Jahre bis zur Verdopplung|Beschreibung des Vorgehens";"doppelter Startwert 108 auf der y-Achse, waagerecht zum Graphen, senkrecht zur x-Achse ablesen";"1";"ganz";"Jahre|Tausend Liter";"";"nach etwa 23 Jahren (rechnerisch 23,4)|Vorgehen: y = 108 suchen, zugehöriges x ablesen";"";"II";"Verdopplung des x-Werts statt des y-Werts; 108 auf der Achse falsch verorten";"Ablesegenauigkeit ±1 Jahr; Kontrollwert aus 54 · 1,03^x = 108"
"2020-OS-K4c";"2020";"OS";"Kontext";"4";"Wasserverbrauch";"c";"9";"3";"ja";"ja";"";"Gleichungen und Funktionen";"Exponentialfunktionen und Wachstum";"Funktionswert berechnen";"Wert nach prozentualer Erhöhung berechnen|Behauptung prüfen";"Exponentialfunktion|Prognose vergleichen|40 % insgesamt|Potenz";"Potenz mit Taschenrechner; Jahre zählen (2019 → 2033 = 14)";"Rechnung|Begründung";"Untersuchen Sie";"Zahl|Text";"keins";"keine";"Umwelt/Wasser";"mittel";"Studie 1: y = 54 · 1,03^x (x Jahre ab 2019, y in Tausend Litern); Studie 2: von 2019 bis 2033 insgesamt ca. 40 % Steigerung";"Vergleich beider Vorhersagen für 2033";"x = 14: 54 · 1,03^14 ≈ 81,7; 54 · 1,4 = 75,6; vergleichen";"3";"dezimal|Potenz|Prozent";"Tausend Liter";"";"nein: Studie 1 ≈ 81,7, Studie 2 = 75,6 Tausend Liter";"1,03^14 ≈ 1,513";"II";"x = 2033 einsetzen; 14 · 3 % = 42 % als Bestätigung von 40 % werten";""
"2020-OS-K5a";"2020";"OS";"Kontext";"5";"Verpackung";"a";"10";"2";"nein";"ja";"";"Raum und Form";"Körper, Netze, Schrägbilder";"Netz eines Prismas vervollständigen";"";"Netz|Prisma|Trapez|Seitenflächen|Kästchenraster";"Maßstab des Rasters erkennen (1 Kästchen = 2 cm)";"Zeichnen";"Vervollständigen Sie";"Grafik";"Körper|Skizze";"Schrägbild eines Prismas mit Trapezquerschnitt: Grundfläche 14 cm (vorn) × 12 cm (Tiefe), linke Kante 6 cm, rechte Kante 15 cm, Deckfläche steigt von links nach rechts; Winkel α oben rechts zwischen rechter Kante und schräger Deckfläche; Skizze nicht maßstabsgerecht; darunter Karoraster (1 Kästchen ≙ 2 cm) mit begonnenem Netz: in einer Reihe drei Rechtecke der Höhe 6 Kästchen (12 cm), Breiten 8,3 / 3 / 7 Kästchen (schräge Deckfläche 16,6 cm, Vorderfläche 6 cm, Grundfläche 14 cm); auf der Grundfläche nach oben ein Trapez mit Seiten 3 und 7,5 Kästchen (6 cm, 15 cm)";"Verpackung";"mittel";"Schachtel als gerades Prisma mit rechtwinklig-trapezförmigem Querschnitt: Grundfläche 14 cm × 12 cm, vordere Höhe 6 cm, hintere Höhe 15 cm, Deckfläche schräg; Netz begonnen: schräge Deckfläche, Vorderfläche, Grundfläche und ein Trapez sind gezeichnet";"fehlende Flächen des Netzes";"Rückfläche 15 cm × 12 cm rechts an die Grundfläche, zweites Trapez (6, 15, Höhe 14) unten an die Grundfläche";"0";"ganz";"cm";"";"Rechteck 7,5 × 6 Kästchen an der rechten Kante der Grundfläche und Trapez (3 und 7,5 Kästchen parallel, Höhe 7) unten an der Grundfläche";"";"II";"Rückfläche mit Höhe 6 statt 15; Trapez spiegelverkehrt ansetzen";"Kästchen am 200-dpi-Bild gezählt; Länge der schrägen Fläche √(14² + 9²) = 16,6 cm passt zu 8,3 Kästchen"
"2020-OS-K5b";"2020";"OS";"Kontext";"5";"Verpackung";"b";"11";"3";"nein";"ja";"";"Größen und Messen";"Trigonometrie im rechtwinkligen Dreieck";"Winkel im rechtwinkligen Dreieck berechnen";"Teilstrecke berechnen";"Tangens|Hilfsdreieck|Trapez|Winkel berechnen";"rechtwinkliges Hilfsdreieck im Trapez erkennen";"Rechnung";"Berechnen Sie";"Zahl";"Figur";"rechtwinkliges Trapez: Grundseite 14 cm unten, linke Seite 6 cm, rechte Seite 15 cm mit rechtem Winkel unten rechts, schräge Oberseite; gestrichelte Waagerechte von der linken oberen Ecke zur rechten Seite; α oben rechts zwischen rechter Seite und schräger Oberseite; Skizze nicht maßstabsgerecht";"Verpackung";"kurz";"rechtwinkliges Trapez mit Grundseite 14 cm, Höhen 6 cm und 15 cm; α an der oberen Ecke der 15-cm-Seite";"α";"Hilfsdreieck mit Katheten 14 (waagerecht) und 15 − 6 = 9 (senkrecht); tan α = 14/9";"3";"ganz|dezimal";"cm|°";"";"α ≈ 57,3°";"Kathete 9 cm";"II";"tan α = 9/14 (32,7°, Winkel am anderen Ende); 15 statt 9 verwenden";""
"2020-OS-K5c";"2020";"OS";"Kontext";"5";"Verpackung";"c";"11";"2";"ja";"ja";"";"Raum und Form";"Körper, Netze, Schrägbilder";"Packungsanzahl in Quader bestimmen";"";"Kiste|Schachteln stapeln|Trapezprisma|zwei ergeben Quader";"räumliches Vorstellen; zwei Trapezprismen zu einem Quader ergänzen";"Kurzantwort|Begründung";"Geben Sie an|Erläutern Sie";"Zahl|Text";"keins";"keine";"Verpackung";"mittel";"Schachtel als gerades Prisma mit rechtwinklig-trapezförmigem Querschnitt: Grundfläche 14 cm × 12 cm, vordere Höhe 6 cm, hintere Höhe 15 cm, Deckfläche schräg; Kiste 28 cm × 24 cm × 22 cm";"größtmögliche Anzahl Schachteln in der Kiste mit Erläuterung";"zwei Schachteln gegeneinander gelegt bilden einen Quader 14 × 12 × 21; in die Kiste passen 2 · 2 · 1 solche Quader";"3";"ganz";"cm";"";"8 Schachteln (2 × 2 Quaderpaare zu je 2 Schachteln, Höhe 21 < 22)";"Quader 14 × 12 × 21";"III";"nur Volumen teilen (14784 : 1764 ≈ 8,4) ohne Passprobe; Schachteln einzeln mit Höhe 15 stapeln (4)";""
"2020-OS-K6a";"2020";"OS";"Kontext";"6";"Würfelspiel";"a";"12";"3";"nein";"ja";"";"Daten und Zufall";"Wahrscheinlichkeit mehrstufig";"Ergebnismenge aufzählen";"Wahrscheinlichkeit einstufig";"zwei Würfe|Augenpaare|Laplace|Prozent";"";"Kurzantwort|Rechnung";"Notieren Sie|Ermitteln Sie|Geben Sie an";"Text|Zahl";"keins";"keine";"Glücksspiel";"mittel";"Würfel zweimal geworfen, 36 Augenpaare, (2,1) und (1,2) verschieden";"alle Paare mit zweiter Augenzahl 2|P(zweiter Wurf 2) in Prozent";"(1,2), (2,2), …, (6,2) aufzählen; 6 von 36";"2";"Bruch|Prozent";"";"";"(1,2), (2,2), (3,2), (4,2), (5,2), (6,2)|P = 6/36 = 1/6 ≈ 16,7 %";"";"I";"Paare mit 2 im ersten Wurf mitzählen (11/36)";""
"2020-OS-K6b";"2020";"OS";"Kontext";"6";"Würfelspiel";"b";"12";"3";"nein";"ja";"";"Daten und Zufall";"Wahrscheinlichkeit mehrstufig";"Wahrscheinlichkeit zweistufig unabhängig";"Behauptung prüfen";"Pasch|gleiche Augenzahlen|erste 6|Vergleich";"";"Ankreuzen|Begründung";"Entscheiden Sie|Begründen Sie";"Kreuz|Text";"keins";"keine";"Glücksspiel";"mittel";"zwei Würfe; Behauptung: P(zwei gleiche Augenzahlen) > P(zuerst eine 6); Ankreuzfelder „Max hat Recht“ / „Max hat nicht Recht“";"Entscheidung|Begründung mit Wahrscheinlichkeiten";"P(gleich) = 6/36 = 1/6; P(erst 6) = 1/6 (zweiter Wurf beliebig); gleich groß";"2";"Bruch";"";"";"Max hat nicht Recht|beide Wahrscheinlichkeiten 1/6";"";"II";"P(erst 6) als 1/36 (beide Würfe 6) ansetzen";""
"2020-OS-K6c";"2020";"OS";"Kontext";"6";"Würfelspiel";"c";"13";"3";"ja";"ja";"";"Daten und Zufall";"Wahrscheinlichkeit mehrstufig";"Baumdiagramm ergänzen";"Wahrscheinlichkeit dreistufig unabhängig";"Baumdiagramm dreistufig|mindestens zweimal|Pfadregel|Summenregel";"Brüche multiplizieren und addieren";"Eintragen|Rechnung";"Vervollständigen Sie|Berechnen Sie";"Zahl|Zahl";"Diagramm";"dreistufiges Baumdiagramm mit Ästen „6“ / „keine 6“ auf jeder Stufe, alle Knoten beschriftet, 14 leere gestrichelte Kästchen für die Astwahrscheinlichkeiten";"Glücksspiel";"mittel";"drei Würfe; Max zahlt, wenn Lisa mindestens zweimal eine 6 würfelt; Baumdiagramm ohne Wahrscheinlichkeiten";"Astwahrscheinlichkeiten|P(mindestens zwei Sechsen)";"jeder Ast 1/6 bzw. 5/6; Pfade mit genau zwei Sechsen 3 · (1/6)² · 5/6 = 15/216, drei Sechsen 1/216, addieren";"4";"Bruch|Prozent";"";"";"alle Äste „6“ 1/6, „keine 6“ 5/6|P = 16/216 = 2/27 ≈ 7,4 %";"15/216 + 1/216";"III";"nur genau zwei Sechsen (15/216); Pfade mit zwei Sechsen nicht alle drei zählen";""
"2020-OS-K7a";"2020";"OS";"Kontext";"7";"Dreiecke";"a";"14";"2";"nein";"ja";"";"Größen und Messen";"Satz des Pythagoras";"Pythagoras Hypotenuse";"";"Pythagoras|Hypotenuse|Wurzel|rechtwinkliges Dreieck";"";"Rechnung";"Berechnen Sie";"Zahl";"Figur";"rechtwinkliges Dreieck ABC, rechter Winkel bei C (oben links), B rechts von C, A senkrecht unter C; Q auf AC nahe C, gestrichelte Strecke QB; BC = 12 m, AC = 34 m im Text; Skizze nicht maßstabsgerecht";"Vermessung";"kurz";"rechtwinkliges Dreieck ABC mit rechtem Winkel bei C, BC = 12 m, AC = 34 m";"Länge AB";"AB² = 12² + 34² = 1300";"2";"ganz|Wurzel";"m";"";"AB ≈ 36,1 m";"AB² = 1300";"I";"34 als Hypotenuse nehmen (√(34² − 12²) = 31,8)";""
"2020-OS-K7b";"2020";"OS";"Kontext";"7";"Dreiecke";"b";"14";"2";"nein";"ja";"";"Größen und Messen";"Flächeninhalt und Umfang";"Grundseite aus Dreiecksfläche berechnen";"";"Flächenformel Dreieck|umstellen|Höhe|Teildreieck";"BC als Höhe des Dreiecks QBC erkennen";"Rechnung";"Berechnen Sie";"Zahl";"Figur";"rechtwinkliges Dreieck ABC, rechter Winkel bei C (oben links), B rechts von C, A senkrecht unter C; Q auf AC nahe C, gestrichelte Strecke QB; BC = 12 m, AC = 34 m im Text; Skizze nicht maßstabsgerecht";"Vermessung";"kurz";"rechtwinkliges Dreieck ABC mit rechtem Winkel bei C, BC = 12 m, AC = 34 m; Q auf AC; Flächeninhalt von QBC = 90 m²";"Länge QC";"A = ½ · QC · BC → QC = 2 · 90 : 12";"2";"ganz";"m|m²";"";"QC = 15 m";"";"II";"Faktor ½ vergessen (7,5 m); AC statt BC als Höhe";""
"2020-OS-K7c";"2020";"OS";"Kontext";"7";"Dreiecke";"c";"15";"3";"ja";"ja";"";"Größen und Messen";"Sinussatz";"Sinussatz Seite berechnen";"Winkelsumme im Dreieck anwenden|Teilstrecke berechnen";"Sinussatz|allgemeines Dreieck|Winkelsumme|Teilstrecke";"";"Rechnung";"Berechnen Sie";"Zahl";"Figur";"Dreieck DEF: D links unten, E rechts, F oben links; P auf DE nahe D; DF = 4 m, FE = 11 m, Winkel bei F 115°, bei E 16°; Skizze nicht maßstabsgerecht";"Vermessung";"mittel";"Dreieck DEF mit DF = 4 m, FE = 11 m, Winkel F = 115°, Winkel E = 16°; P auf DE mit PE = 10 m";"Länge DP";"Winkel D = 180° − 115° − 16° = 49°; DE/sin 115° = 11/sin 49° → DE ≈ 13,2 m; DP = DE − 10";"4";"ganz|dezimal";"m|°";"";"DP ≈ 3,2 m";"Winkel D = 49°; DE ≈ 13,2 m";"III";"Sinussatz mit falschem Gegenwinkel (11/sin 115°); PE als Ergebnis nehmen";"Skizze leicht inkonsistent: über DF und 16° ergibt DE 13,15 m (DP 3,15 m); Weg über 11 m und 49° gewählt"
"2019-OS-K2a";"2019";"OS";"Kontext";"2";"Geraden";"a";"4";"1";"nein";"ja";"";"Gleichungen und Funktionen";"Lineare Funktionen";"Nullstelle am Graphen ablesen";"";"Nullstelle|Graph ablesen|lineare Funktion";"";"Kurzantwort";"Geben Sie an";"Zahl";"Koordinatensystem";"Koordinatensystem x von −5 bis 5, y von −5 bis 5, Karoraster 0,5, Achsen mit 1 beschriftet, Ursprung O; Gerade f fallend durch (0|2) und (1|0), beschriftet oben links; Gerade g steigend durch (−2|0), (0|2), (3|5), beschriftet oben rechts; waagerechte Gerade h bei y = −2, beschriftet rechts; Punkte A(0|−2), B(2|−2) und C(0|2) markiert und beschriftet, β an B zwischen BA und BC (Bogen oben links von B); darunter Karokästchen";"ohne";"kurz";"Graph von g durch (−2|0), (0|2), (3|5) im Koordinatensystem";"Nullstelle von g";"Schnittpunkt mit der x-Achse ablesen";"0";"ganz|negativ";"";"";"x = −2";"";"I";"y-Achsenabschnitt 2 als Nullstelle angeben";""
"2019-OS-K2b";"2019";"OS";"Kontext";"2";"Geraden";"b";"4";"2";"nein";"ja";"";"Gleichungen und Funktionen";"Lineare Funktionen";"Graph nach Eigenschaft auswählen";"";"Anstieg|parallel zur x-Achse|Graph zuordnen";"Steigung am Graphen ablesen";"Tabelle";"Ordnen Sie zu";"Text";"Koordinatensystem|Tabelle";"Koordinatensystem x von −5 bis 5, y von −5 bis 5, Karoraster 0,5, Achsen mit 1 beschriftet, Ursprung O; Gerade f fallend durch (0|2) und (1|0), beschriftet oben links; Gerade g steigend durch (−2|0), (0|2), (3|5), beschriftet oben rechts; waagerechte Gerade h bei y = −2, beschriftet rechts; Punkte A(0|−2), B(2|−2) und C(0|2) markiert und beschriftet, β an B zwischen BA und BC (Bogen oben links von B); darunter Karokästchen; Tabelle mit Spalten „Eigenschaft“ und „Graph“, zwei Zeilen: „Der Graph hat den Anstieg −2.“ und „Der Graph verläuft parallel zur x-Achse.“";"ohne";"kurz";"Graphen f (fallend durch (0|2) und (1|0)), g (steigend durch (0|2) und (−2|0)), h (waagerecht y = −2); Eigenschaften: Anstieg −2; parallel zur x-Achse";"je Eigenschaft der passende Graph";"Steigungsdreieck an f: 1 nach rechts, 2 nach unten; h hat Steigung 0";"1";"ganz|negativ";"";"";"Anstieg −2: f|parallel zur x-Achse: h";"";"I";"g wegen Steilheit für Anstieg −2 halten (Vorzeichen)";""
"2019-OS-K2c";"2019";"OS";"Kontext";"2";"Geraden";"c";"5";"3";"nein";"ja";"";"Gleichungen und Funktionen";"Lineare Funktionen";"Geradengleichung zu Graph zuordnen";"";"Funktionsgleichung|Steigung|y-Achsenabschnitt|Auswahl";"";"Tabelle";"Ordnen Sie zu";"Term";"Koordinatensystem|Tabelle";"Koordinatensystem x von −5 bis 5, y von −5 bis 5, Karoraster 0,5, Achsen mit 1 beschriftet, Ursprung O; Gerade f fallend durch (0|2) und (1|0), beschriftet oben links; Gerade g steigend durch (−2|0), (0|2), (3|5), beschriftet oben rechts; waagerechte Gerade h bei y = −2, beschriftet rechts; Punkte A(0|−2), B(2|−2) und C(0|2) markiert und beschriftet, β an B zwischen BA und BC (Bogen oben links von B); darunter Karokästchen; Auswahlkasten mit sechs Gleichungen in zwei Reihen: y = −2x + 2, y = −½x + 2, y = −2; y = x + 2, y = −2x, y = x − 2; Tabelle „Graph | Funktionsgleichung“ mit Zeilen f, g, h";"ohne";"mittel";"Graphen f (fallend durch (0|2) und (1|0)), g (steigend durch (0|2) und (−2|0)), h (waagerecht y = −2); Auswahl: y = −2x + 2, y = −½x + 2, y = −2, y = x + 2, y = −2x, y = x − 2";"je Graph die passende Gleichung";"y-Achsenabschnitt und Steigung ablesen und mit der Auswahl abgleichen";"3";"ganz|negativ|Bruch";"";"";"f: y = −2x + 2|g: y = x + 2|h: y = −2";"";"II";"f mit y = −2x (Achsenabschnitt übersehen) oder g mit y = x − 2 verwechseln";""
"2019-OS-K2d";"2019";"OS";"Kontext";"2";"Geraden";"d";"5";"4";"nein";"ja";"";"Größen und Messen";"Satz des Pythagoras";"Streckenlänge aus Koordinaten berechnen";"Winkel im rechtwinkligen Dreieck berechnen";"Dreieck im Koordinatensystem|Pythagoras|Tangens|Koordinaten ablesen";"Koordinaten ablesen; rechten Winkel bei A erkennen";"Rechnung|Rechnung";"Berechnen Sie|Berechnen Sie";"Zahl|Zahl";"Koordinatensystem";"Koordinatensystem x von −5 bis 5, y von −5 bis 5, Karoraster 0,5, Achsen mit 1 beschriftet, Ursprung O; Gerade f fallend durch (0|2) und (1|0), beschriftet oben links; Gerade g steigend durch (−2|0), (0|2), (3|5), beschriftet oben rechts; waagerechte Gerade h bei y = −2, beschriftet rechts; Punkte A(0|−2), B(2|−2) und C(0|2) markiert und beschriftet, β an B zwischen BA und BC (Bogen oben links von B); darunter Karokästchen";"ohne";"mittel";"Punkte A(0|−2), B(2|−2), C(0|2) im Koordinatensystem; rechter Winkel bei A (AB waagerecht, AC senkrecht); AB = 2, AC = 4; β ist der Winkel bei B";"Länge BC|Größe von β";"BC² = 2² + 4² = 20; tan β = AC/AB = 4/2";"4";"ganz|Wurzel";"°";"";"BC = √20 ≈ 4,5 (≈ 4,47)|β ≈ 63,4°";"BC² = 20; tan β = 2";"II";"Koordinaten falsch ablesen; tan β = 2/4 (Katheten vertauscht, 26,6°)";"zwei Leistungen in einer Einheit, Punkte ungeteilt; Koordinaten stehen nur im Bild"
"2019-OS-K3a";"2019";"OS";"Kontext";"3";"Fußballtraining";"a";"6";"2";"nein";"ja";"";"Größen und Messen";"Satz des Pythagoras";"Pythagoras Kathete";"";"Pythagoras|Kathete|Wurzel|Abstand";"";"Rechnung";"Ermitteln Sie";"Zahl";"Skizze";"rechtwinkliges Dreieck ABC: B links unten (Ben) mit rechtem Winkel, A senkrecht über B (Amir), C rechts von B (Chris); AB = 4 m, AC = 9 m beschriftet, α bei A zwischen AB und AC; Seiten gestrichelt; Kinderfiguren an den Ecken; Skizze nicht maßstabsgerecht";"Sport/Fußball";"mittel";"rechtwinkliges Dreieck ABC mit rechtem Winkel bei B, AB = 4 m, AC = 9 m";"Abstand BC";"BC² = 9² − 4² = 65";"2";"ganz|Wurzel";"m";"";"BC ≈ 8,06 m (≈ 8,1 m)";"BC² = 65";"I";"9² + 4² addieren (9,85 m)";""
"2019-OS-K3b";"2019";"OS";"Kontext";"3";"Fußballtraining";"b";"6";"2";"nein";"ja";"";"Größen und Messen";"Trigonometrie im rechtwinkligen Dreieck";"Winkel im rechtwinkligen Dreieck berechnen";"";"Kosinus|Ankathete|Hypotenuse|Nachweis";"Umkehrfunktion am Taschenrechner";"Rechnung";"Zeigen Sie rechnerisch";"Zahl";"Skizze";"rechtwinkliges Dreieck ABC: B links unten (Ben) mit rechtem Winkel, A senkrecht über B (Amir), C rechts von B (Chris); AB = 4 m, AC = 9 m beschriftet, α bei A zwischen AB und AC; Seiten gestrichelt; Kinderfiguren an den Ecken; Skizze nicht maßstabsgerecht";"Sport/Fußball";"mittel";"rechtwinkliges Dreieck ABC mit rechtem Winkel bei B, AB = 4 m, AC = 9 m (oder BC ≈ 8,06 m aus a); α bei A";"Nachweis α ≈ 64°";"cos α = 4/9 → α = cos⁻¹(4/9)";"2";"ganz|dezimal";"m|°";"";"α ≈ 63,6°, also rund 64°";"cos α = 0,444";"II";"sin α = 4/9 rechnen (26,4°)";"Ergebnis vorgegeben; auch über tan α = BC/AB mit BC aus a möglich (dann abhängig von 3a)"
"2019-OS-K3c";"2019";"OS";"Kontext";"3";"Fußballtraining";"c";"7";"4";"ja";"ja";"";"Größen und Messen";"Sinussatz";"Sinussatz Seite berechnen";"Winkelsumme im Dreieck anwenden";"Sinussatz|Teilwinkel|Viereck|Winkelsumme";"Winkel im rechtwinkligen Dreieck aus 90° und 64° ergänzen; Teilwinkel bilden";"Rechnung";"Berechnen Sie";"Zahl";"Skizze";"Viereck ABCD: B links unten (Ben, rechter Winkel), A senkrecht über B (Amir), C rechts unten (Chris), D rechts oben (Deniz), Diagonale AC gestrichelt mit 9 m; Winkel bei A zwischen AB und AC 64°, Winkel bei C zwischen CB und CD 86°, Winkel bei D 80°; Seiten strichpunktiert; Rasenmarken im Innern; Skizze nicht maßstabsgerecht";"Sport/Fußball";"mittel";"Viereck ABCD mit rechtem Winkel bei B; AC = 9 m; Winkel BAC = 64°; Winkel BCD = 86° (zwischen CB und CD); Winkel ADC = 80°";"Abstand AD";"Winkel ACB = 90° − 64° = 26°; Winkel ACD = 86° − 26° = 60°; Sinussatz im Dreieck ACD: AD/sin 60° = 9/sin 80°";"4";"ganz|dezimal";"m|°";"";"AD ≈ 7,9 m";"Winkel ACB = 26°; Winkel ACD = 60°";"III";"86° als Winkel ACD nehmen (AD = 9,1 m); Sinussatz mit falschem Gegenwinkel";"mit ungerundetem α (63,6°) ergibt sich AD ≈ 7,88 m; beides als 7,9 m akzeptabel"
"2019-OS-K4a";"2019";"OS";"Kontext";"4";"Werbefläche";"a";"8";"2";"nein";"ja";"";"Raum und Form";"Körper, Netze, Schrägbilder";"Netz eines Prismas vervollständigen";"";"Netz|dreiseitiges Prisma|gleichseitiges Dreieck|Kästchenraster";"Maßstab des Rasters erkennen (1 Kästchen ≙ 0,3 m)";"Zeichnen|Kurzantwort";"Vervollständigen Sie|Geben Sie an";"Grafik|Zahl";"Körper|Skizze";"Foto/Skizze: Mast mit aufgesetztem dreiseitigen Prisma, eine Seitenfläche mit Schriftzug „Apotheke“; Skizze nicht maßstabsgerecht; Karoraster (Kästchen 0,5 cm) mit begonnenem Netz: zwei Rechtecke nebeneinander, je 5 Kästchen breit und 4 hoch (Seitenflächen 1,50 m × 1,20 m); unter dem rechten Rechteck ein gleichseitiges Dreieck mit Seite 5 Kästchen, dessen rechte Seite mit a beschriftet ist";"Werbung/Einkaufscenter";"mittel";"dreiseitiges Prisma mit drei Seitenflächen je 1,50 m breit und 1,20 m hoch, Grundfläche gleichseitiges Dreieck; Netz begonnen: zwei Seitenrechtecke (5 × 4 Kästchen) und ein Dreieck (Seite 5 Kästchen) unter dem rechten Rechteck";"fehlende Flächen des Netzes|Länge a";"drittes Rechteck 5 × 4 Kästchen anfügen, zweites gleichseitiges Dreieck an eine Rechtecklängsseite; a ist die Dreiecksseite = Breite der Seitenfläche";"0";"dezimal";"m";"";"Netz mit drei Rechtecken in einer Reihe und zwei Dreiecken (oben und unten an einem Rechteck)|a = 1,50 m";"";"II";"Dreieck als rechtwinklig oder mit Höhe 1,20 m zeichnen; a = 1,20 m angeben";"zwei Leistungen in einer Einheit, Punkte ungeteilt; Rastermaß am Bild ausgezählt (5 Kästchen = 1,50 m)"
"2019-OS-K4b";"2019";"OS";"Kontext";"4";"Werbefläche";"b";"8";"2";"nein";"ja";"";"Größen und Messen";"Flächeninhalt und Umfang";"Mantelfläche Prisma berechnen";"";"Rechteckfläche|drei Seitenflächen|Mantelfläche";"";"Rechnung";"Berechnen Sie";"Zahl";"Körper";"Foto/Skizze: Mast mit aufgesetztem dreiseitigen Prisma, eine Seitenfläche mit Schriftzug „Apotheke“; Skizze nicht maßstabsgerecht";"Werbung/Einkaufscenter";"kurz";"drei Seitenflächen je 1,50 m breit und 1,20 m hoch";"gesamte Werbefläche";"3 · 1,5 · 1,2";"2";"dezimal";"m|m²";"";"5,4 m²";"eine Fläche 1,8 m²";"I";"nur eine Fläche (1,8 m²) oder Umfang statt Fläche";""
"2019-OS-K4c";"2019";"OS";"Kontext";"4";"Werbefläche";"c";"9";"4";"nein";"ja";"";"Größen und Messen";"Volumen und Oberfläche";"Flächeninhalt Dreieck berechnen";"Volumen Prisma berechnen|Masse aus Volumen berechnen";"Dreiecksfläche|Prisma|Volumen|Dichte|Prozent";"Prozentwert berechnen; Volumen in Masse umrechnen";"Rechnung|Rechnung|Rechnung";"Ermitteln Sie|Zeigen Sie rechnerisch|Berechnen Sie";"Zahl|Zahl|Zahl";"Körper|Skizze";"Foto/Skizze: Mast mit aufgesetztem dreiseitigen Prisma, eine Seitenfläche mit Schriftzug „Apotheke“; Skizze nicht maßstabsgerecht; kleine graue Dreiecksskizze der Deckfläche mit gestrichelter Höhe h_Deckfläche und rechtem Winkel; Skizze nicht maßstabsgerecht";"Werbung/Einkaufscenter";"lang";"Prisma mit gleichseitiger Dreiecksgrundfläche, Seite 1,50 m, Höhe der Deckfläche 1,30 m, Prismenhöhe 1,20 m; leer 200 kg; 1 m³ Wasser = 1 000 kg; zu 10 % gefüllt";"Flächeninhalt der Deckfläche|Nachweis V ≈ 1,2 m³|Masse bei 10 % Füllung";"A = ½ · 1,5 · 1,3; V = A · 1,2; Wasser 0,1 · 1,2 m³ = 0,12 m³ ≙ 120 kg; plus 200 kg";"5";"dezimal|Prozent";"m|m²|m³|kg";"";"A = 0,975 m²|V ≈ 1,17 m³ ≈ 1,2 m³|m ≈ 320 kg (mit 1,17 m³: 317 kg)";"0,12 m³ Wasser = 120 kg";"II";"Faktor ½ vergessen (1,95 m²); 10 % von 200 kg rechnen";"drei Leistungen in einer Einheit, Punkte ungeteilt; Nachweis mit vorgegebenem Ergebnis; Masse je nach Rundung 317 kg oder 320 kg"
"2019-OS-K5a";"2019";"OS";"Kontext";"5";"Medienverhalten";"a";"10";"2";"nein";"ja";"";"Zahlen und Operationen";"Prozentrechnung";"Prozentwert berechnen";"";"Prozentwert|Differenz|Studie|Anzahl";"";"Rechnung";"Berechnen Sie";"Zahl";"keins";"keine";"Medien/Statistik";"mittel";"1 200 befragte Jugendliche; 2013 hatten 72 % ein Smartphone, 2016 95 %";"Zunahme der Anzahl mit Smartphone";"0,95 · 1200 − 0,72 · 1200 oder 23 % von 1200";"3";"ganz|Prozent";"";"";"276 Jugendliche";"864 und 1140";"I";"23 (Prozentpunkte) als Anzahl angeben";""
"2019-OS-K5b";"2019";"OS";"Kontext";"5";"Medienverhalten";"b";"10";"2";"nein";"ja";"";"Zahlen und Operationen";"Prozentrechnung";"Anteilsaussage prüfen und korrigieren";"Behauptung prüfen";"drei Viertel|Prozent|Tabelle|korrigieren";"Bruch in Prozent umrechnen";"Ankreuzen|Kurzantwort";"Kreuzen Sie an|Berichtigen Sie";"Kreuz|Text";"Tabelle";"Tabelle „Medien | Mädchen | Jungen“: Smartphones 98 % / 95 %; Fernseher 81 % / 75 %; Konsolenspiele 14 % / 72 %; Bücher 46 % / 30 %; darunter zwei Ankreuzfelder; Karokästchen";"Medien/Statistik";"mittel";"Tabelle Mädchen/Jungen: Smartphones 98/95 %, Fernseher 81/75 %, Konsolenspiele 14/72 %, Bücher 46/30 %; Aussage 1: Drei Viertel der Mädchen nutzen einen Fernseher; Aussage 2: Konsolenspiele sind bei Jungen wesentlich beliebter als bei Mädchen; genau eine ist falsch";"falsche Aussage|berichtigte Aussage";"drei Viertel = 75 %, Mädchen aber 81 % (Jungen 75 %); 72 % gegen 14 % bestätigt Aussage 2";"1";"Prozent|Bruch";"";"";"Aussage 1 falsch|Etwa vier Fünftel (81 %) der Mädchen nutzen einen Fernseher (drei Viertel gilt für die Jungen)";"";"II";"Spalten vertauschen und Aussage 1 für wahr halten";""
"2019-OS-K5c";"2019";"OS";"Kontext";"5";"Medienverhalten";"c";"11";"2";"ja";"ja";"";"Daten und Zufall";"Diagramme lesen und beurteilen";"Aussage zu Diagramm prüfen";"Verzerrung eines Diagramms erklären";"Zeitungsartikel|abgeschnittene Achse|Trend|Extrapolation";"";"Begründung";"Nennen Sie|Berichtigen Sie";"Text";"Diagramm";"Zeitungsausschnitt mit der Überschrift „Bücherlesen bald out“ (als Frage formuliert), Text und Säulendiagramm „Bücherlesende Jugendliche“: y-Achse „Angaben in %“ von 30 bis 50, Beschriftung 30 und 50, Strich bei 40, Gitter alle 2 %; Säulen 2011 ≈ 44 %, 2012 ≈ 42 %, 2013 ≈ 40 %, 2014 ≈ 39 %, 2015 ≈ 36 %; Karokästchen";"Medien/Statistik";"lang";"Artikel (2015): Anzahl der Jugendlichen, die Bücher lesen, nimmt von Jahr zu Jahr extrem ab; in wenigen Jahren liest kein Jugendlicher mehr ein Buch; Diagramm mit Anteilen 2011 bis 2015 etwa 44, 42, 40, 39, 36 %, Achse ab 30 %";"eine der zwei unzutreffenden Aussagen nennen und berichtigen";"Rückgang nur etwa 8 Prozentpunkte in vier Jahren, wirkt durch die bei 30 % beginnende Achse extrem; bei 2 Prozentpunkten je Jahr läge 0 % erst nach etwa 18 Jahren, Fortschreibung unzulässig";"1";"Prozent";"%";"";"z. B.: „extrem abnimmt“ ist falsch – Rückgang von rund 44 % auf 36 % (8 Prozentpunkte in 4 Jahren), die abgeschnittene Achse übertreibt|oder: „in wenigen Jahren kein Jugendlicher mehr“ ist falsch – bei gleichem Tempo erst in rund 18 Jahren, 2015 lesen noch 36 %";"";"III";"Diagramm als Beleg für „extrem“ nehmen, ohne die Achse bei 30 % zu beachten";"Säulenwerte am Bild abgelesen (Gitter 2 %); offene Antwort, eine von zwei Aussagen genügt; Artikel spricht von Anzahl, Diagramm zeigt Prozent – dritter möglicher Einwand"
"2019-OS-K6a";"2019";"OS";"Kontext";"6";"Buntstifte";"a";"12";"1";"nein";"ja";"";"Daten und Zufall";"Wahrscheinlichkeit einstufig";"Wahrscheinlichkeit einstufig";"";"Laplace|Anteil|Buntstifte";"";"Kurzantwort";"Geben Sie an";"Zahl";"keins";"keine";"Glücksspiel";"kurz";"Kiste mit 20 Buntstiften: 7 grün, 4 rot, 3 gelb, 6 blau; ein Stift wird gegriffen und zurückgelegt";"P(gelb)";"günstige durch mögliche: 3/20";"1";"Bruch";"";"";"3/20 = 15 %";"";"I";"3/17 (gelbe nicht in die Gesamtzahl rechnen)";""
"2019-OS-K6b";"2019";"OS";"Kontext";"6";"Buntstifte";"b";"12";"5";"ja";"ja";"";"Daten und Zufall";"Wahrscheinlichkeit mehrstufig";"Baumdiagramm ergänzen";"Wahrscheinlichkeit dreistufig ohne Zurücklegen";"Baumdiagramm|ohne Zurücklegen|Gegenwahrscheinlichkeit|Pfadregel|Aussagen";"Nenner nach jedem Zug anpassen; Bruch in Prozent umrechnen";"Eintragen|Ankreuzen";"Ergänzen Sie|Entscheiden Sie|Kreuzen Sie an";"Zahl|Kreuz";"Diagramm|Tabelle";"dreistufiges Baumdiagramm rot/nicht rot: Start links; Stufe 1 rot (4/20 beschriftet) und nicht rot (leeres Feld); Stufe 2 an rot: rot (3/19) und nicht rot; an nicht rot: rot und nicht rot; Stufe 3 je zwei Äste rot/nicht rot, beschriftet nur 2/18 am Pfad rot–rot–rot; leeres Feld am Ast nicht rot → rot → rot; Pfad rot–rot–rot fett; darunter Tabelle mit drei Aussagen und Spalten „wahr“, „falsch“";"Glücksspiel";"lang";"Kiste mit 20 Buntstiften: 7 grün, 4 rot, 3 gelb, 6 blau; drei Stifte nacheinander ohne Zurücklegen; Baum rot/nicht rot mit 4/20, 3/19 und 2/18 am fetten Pfad rot–rot–rot; zwei Felder leer: Stufe 1 nicht rot; Stufe 3 rot nach nicht rot → rot; Aussagen zum fetten Pfad: 1 Marie greift drei unterschiedlich farbige Stifte; 2 Marie legt den Stift nach jedem Ziehen zurück; 3 die Wahrscheinlichkeit des Pfades ist kleiner als 1 %";"zwei fehlende Wahrscheinlichkeiten|wahr/falsch je Aussage";"nicht rot = 16/20; nach nicht rot und rot bleiben 18 Stifte mit 3 roten: 3/18; fetter Pfad = dreimal rot ohne Zurücklegen, P = 4/20 · 3/19 · 2/18";"3";"Bruch|Prozent";"";"";"16/20|3/18|Aussage 1 falsch, Aussage 2 falsch, Aussage 3 wahr (P = 24/6840 ≈ 0,35 %)";"P(rot, rot, rot) ≈ 0,0035";"II";"3/19 statt 3/18 eintragen (Nenner nicht weiterzählen); Aussage 3 ohne Rechnung raten";"zwei Leistungen in einer Einheit, Punkte ungeteilt"
"2019-OS-K6c";"2019";"OS";"Kontext";"6";"Buntstifte";"c";"13";"3";"ja";"ja";"";"Daten und Zufall";"Wahrscheinlichkeit mehrstufig";"Wahrscheinlichkeit dreistufig ohne Zurücklegen";"Behauptung prüfen";"ohne Zurücklegen|Pfadregel|Vergleich|doppelt so hoch";"Brüche multiplizieren und vergleichen";"Rechnung|Begründung";"Begründen Sie rechnerisch";"Zahl|Text";"keins";"keine";"Glücksspiel";"mittel";"Kiste mit 20 Buntstiften: 7 grün, 4 rot, 3 gelb, 6 blau; drei Stifte nacheinander ohne Zurücklegen; Behauptung: P(3 blau) ist doppelt so hoch wie P(3 gelb)";"Widerlegung mit Rechnung";"P(3 blau) = 6/20 · 5/19 · 4/18; P(3 gelb) = 3/20 · 2/19 · 1/18; Quotient bilden";"3";"Bruch";"";"";"P(3 blau) = 120/6840 = 1/57 ≈ 1,75 %, P(3 gelb) = 6/6840 = 1/1140 ≈ 0,09 %; Verhältnis 20 : 1, nicht 2 : 1 – Behauptung falsch";"120/6840 und 6/6840";"III";"mit Zurücklegen rechnen ((6/20)³ und (3/20)³ – Verhältnis 8 : 1, Behauptung trotzdem falsch)";""
"2019-OS-K7a";"2019";"OS";"Kontext";"7";"Ferkel";"a";"14";"3";"nein";"ja";"";"Gleichungen und Funktionen";"Exponentialfunktionen und Wachstum";"Wachstumstabelle ergänzen";"";"prozentuales Wachstum|Wachstumsfaktor 1,04|Wertetabelle|Potenz";"Prozentsatz in Wachstumsfaktor umrechnen";"Eintragen";"Ergänzen Sie";"Zahl";"Tabelle";"Tabelle „Zeit in Wochen“ 0, 1, 2, …, 5 und „Masse in kg“ leer, 10,400, leer, --, leer; Foto eines Ferkels neben dem Text";"Landwirtschaft";"mittel";"Ferkel 10 kg, wöchentlich +4 %; Tabelle: Woche 1 = 10,400 kg; Wochen 0, 2 und 5 fehlen";"Masse nach 0, 2 und 5 Wochen";"Woche 0 Anfangswert 10; 10,4 · 1,04; 10 · 1,04⁵";"3";"dezimal|Prozent|Potenz";"kg";"";"0: 10 kg|2: 10,816 kg|5: ≈ 12,167 kg";"";"I";"linear rechnen (Woche 5 = 12,0 kg) oder Woche 0 als 9,6 kg";""
"2019-OS-K7b";"2019";"OS";"Kontext";"7";"Ferkel";"b";"14";"3";"ja";"ja";"";"Gleichungen und Funktionen";"Exponentialfunktionen und Wachstum";"Gleichung im Sachzusammenhang deuten";"";"Exponentialfunktion|Anfangswert|Wachstumsfaktor|Variable|Bedeutung";"";"Tabelle";"Geben Sie an";"Text";"Tabelle";"Tabelle mit Spalte „Bedeutung“ und drei Zeilen 10, 1,04, x, je mit Karokästchen";"Landwirtschaft";"mittel";"Ferkel 10 kg, wöchentlich +4 %; Funktionsgleichung f(x) = 10 · 1,04^x";"Bedeutung von 10, 1,04 und x";"Bestandteile mit Anfangsmasse, Wachstumsfaktor (100 % + 4 %) und Zeit abgleichen";"0";"dezimal|Prozent";"kg";"";"10: Anfangsmasse des Ferkels in kg (Woche 0)|1,04: Wachstumsfaktor, Zunahme um 4 % je Woche|x: Zeit in Wochen (Anzahl der Wochen)";"";"II";"1,04 als „4 %“ oder als Zunahme in kg deuten";"Typ-Definition nennt „Gleichung als Satz formulieren“; hier Bestandteile benennen – Erweiterung steht auf der Typen-Check-Liste"
"2019-OS-K7c";"2019";"OS";"Kontext";"7";"Ferkel";"c";"15";"3";"ja";"ja";"";"Gleichungen und Funktionen";"Exponentialfunktionen und Wachstum";"Graph zu Wachstumsprozess zuordnen";"Eigenschaften eines Graphen beurteilen";"exponentiell|linear|Startwert|Graph erkennen|Begründen";"";"Ankreuzen|Begründung";"Entscheiden Sie|Begründen Sie";"Kreuz|Text";"Diagramm|Tabelle";"Tabelle „Skizze des Graphen | passt | passt nicht | Begründung“ mit drei Zeilen, je ein kleines Koordinatensystem (Achsen „Masse in kg“, „Zeit in Wochen“, Gitter, keine Zahlen), zwei Ankreuzfelder und Schreiblinien: Zeile 1 steigende Gerade, beginnt auf der y-Achse oberhalb des Ursprungs; Zeile 2 nach oben gekrümmte Kurve, beginnt auf der y-Achse oberhalb des Ursprungs; Zeile 3 nach oben gekrümmte Kurve, beginnt im Ursprung";"Landwirtschaft";"mittel";"Ferkel 10 kg, wöchentlich +4 %; drei Graphen: 1 linear ab positivem Startwert; 2 exponentiell ab positivem Startwert; 3 exponentiell ab Ursprung";"je Graph passt/passt nicht|Begründung je Graph";"Startwert 10 kg > 0 schließt Graph 3 aus; gleicher Prozentsatz bedeutet wachsende Zuwächse (gekrümmt), schließt Graph 1 aus";"0";"ganz";"kg";"";"Graph 1 passt nicht: linear, also jede Woche gleiche Zunahme statt 4 %|Graph 2 passt: beginnt bei 10 kg, Zuwächse werden größer|Graph 3 passt nicht: beginnt bei 0 kg statt 10 kg";"";"III";"Graph 1 wählen, weil „4 % pro Woche“ als konstanter Zuwachs verstanden wird";""
